StartDate,EndDate,Status,Progress,Duration (in seconds),Finished,RecordedDate,ResponseId,DistributionChannel,UserLanguage,Q_RecaptchaScore,Q_DuplicateRespondent,consent,signature _Id,signature _Name,signature _Size,signature _Type,Adult,SA,choice_set1,Q2,Q3,Q4,Q5,Q6,Q7,Q8,Q9,Q10,Q1,Q2,Q3,Q4,Q5,Q6,Q7,Q8,Q9,QC_agree,evaluation _1,evaluation _2,evaluation _3,evaluation _4,"prefer_space ",mode_transport ,mode_transport _6_TEXT,"type ",type _8_TEXT,use ,use _5_TEXT,"bond ",bond_no_1,bond_no_2,bond_no_3,bond_no_4,bond_no_5,water_values ,Q144,"safety ",safety_features ,safety_features _5_TEXT,Q110,age,gender,gender_4_TEXT,"hispanic ",race,race_6_TEXT,zipcode,Q142,Q143,"az ",Q111,Q111_51_TEXT,"housing_type ",housing_type _7_TEXT,membership,membership_8_TEXT,education,income,disability,"comments ",participantID,age,gender,householdincome
Start Date,End Date,Response Type,Progress,Duration (in seconds),Finished,Recorded Date,Response ID,Distribution Channel,User Language,Q_RecaptchaScore,Q_DuplicateRespondent,I consent to participating in this study on greenspaces in Southern Arizona.,Sign below using your finger or a clicker to consent to participate in this study: - Id,Sign below using your finger or a clicker to consent to participate in this study: - Name,Sign below using your finger or a clicker to consent to participate in this study: - Size,Sign below using your finger or a clicker to consent to participate in this study: - Type,Are you an adult over the age of 18?,Are you currently living in Southern Arizona?,"Please answer this example question to practice before we get to the 9 real questions: 
Which park would you choose?


	
		
			Attribute
			
				Park A
			
			
				Park B
			
		
	

	
		
			
				Distance
			
			
				🚗 Greater than 4 miles
			
			
				🚶 Less than 1 mile
			
		

		
			
				Amenities
			
			
				🧺 Gathering areas
			
			
				🚫 No additional amenities
			
		

		
			
				Plant type
			
			
				🌺 Mostly non-native plants 
			
				🌵 Mostly native plants 
		

		
			
				Safety
			
			🚓  Patrol
			
			
				💡 Night lighting
		

		
			
				Shade
			
			
				 ⛱️ Shade from tree
			 ☀️ No shade 
		

		
			
				Accessibility
			
			
				♿ Paved accessible paths
			
				🚫 No paved accessible paths","1 of 9: Which park would you choose?
AttributesPark APark B
Distance🚗 Over 4 miles🚶 Under 1 mile
Amenities🧺 Gathering spaces🛝 Nature play
Plant type🌺 Non-native plants🌵 Native plants
Safety🚓 Patrol🚫 No added safety features
Shade🌳 Shade from tree☀️ No shade
Accessibility♿ Paved accessible paths🚫 No accessible paths","2 of 9: Which park would you choose?
AttributesPark APark B
Distance🚲 2–4 miles🚗 Over 4 miles
Amenities🚫 No amenities🛝 Nature play
Plant type🌵 Native plants🌵🌺 Mixed plant types
Safety🚓 Patrol💡 Night lighting
Shade🌳 Shade from tree⛱️ Shade from ramada
Accessibility🥾 Limited accessible paths♿ Paved accessible paths","3 of 9: Which park would you choose?

 
AttributesPark APark B
Distance🚶 Under 1 mile🚗 Over 4 miles
Amenities🧺 Gathering spaces🚫 No amenities
Plant type🌵🌺 Mixed plant types🌺 Non-native plants
Safety💡 Night lighting🚫 No added safety features
Shade☀️ No shade⛱️ Shade from ramada
Accessibility🚫 No accessible paths🥾 Limited accessible paths","4 of 9: Which park would you choose?

 AttributesPark APark B
Distance🚗 Over 4 miles🚶 Under 1 mile
Amenities🧺 Gathering spaces🛝 Nature play
Plant type🌵 Native plants🌺 Non-native plants
Safety🚫 No added safety features💡 Night lighting
Shade⛱️ Shade from ramada🌳 Shade from tree
Accessibility🥾 Limited accessible paths🚫 No accessible paths","5 of 9: Which park would you choose?

 AttributesPark APark B
Distance🚗 Over 4 miles🚶 Under 1 mile
Amenities🚫 No amenities🧺 Gathering spaces
Plant type🌺 Non-native plants🌵 Native plants
Safety💡 Night lighting🚫 No added safety features
Shade☀️ No shade🌳 Shade from tree
Accessibility🥾 Limited accessible paths♿ Paved accessible paths","6 of 9: Which park would you choose?

 
AttributesPark APark B
Distance🚶 Under 1 mile🚗 Over 4 miles
Amenities🛝 Nature play🧺 Gathering spaces
Plant type🌵 Native plants🌵🌺 Mixed plant types
Safety🚓 Patrol💡 Night lighting
Shade☀️ No shade🌳 Shade from tree
Accessibility♿ Paved accessible paths🥾 Limited accessible paths","7 of 9: Which park would you choose?

 
AttributesPark APark B
Distance🚶 Under 1 mile🚲 2–4 miles
Amenities🧺 Gathering spaces🛝 Nature play
Plant type🌵🌺 Mixed plant types🌺 Non-native plants
Safety💡 Night lighting🚓 Patrol
Shade⛱️ Shade from ramada☀️ No shade
Accessibility♿ Paved accessible paths🚫 No accessible paths","8 of 9: Which park would you choose?

 AttributesPark APark B
Distance🚲 2–4 miles🚶 Under 1 mile
Amenities🧺 Gathering spaces🚫 No amenities
Plant type🌺 Non-native plants🌵🌺 Mixed plant types
Safety🚫 No added safety features🚓 Patrol
Shade☀️ No shade🌳 Shade from tree
Accessibility♿ Paved accessible paths🚫 No accessible paths","9 of 9: Which park would you choose?

 
AttributesPark APark B
Distance🚗 Over 4 miles🚲 2–4 miles
Amenities🚫 No amenities🛝 Nature play
Plant type🌵🌺 Mixed plant types🌵 Native plants
Safety🚓 Patrol💡 Night lighting
Shade⛱️ Shade from ramada🌳 Shade from tree
Accessibility🚫 No accessible paths🥾 Limited accessible paths","1 of 9: Which park would you choose?

 
AttributesPark APark B
Distance🚗 Over 4 miles🚲 2–4 miles
Amenities🚫 No amenities🧺 Gathering spaces
Plant type🌵 Native plants🌵🌺 Mixed plant types
Safety💡 Night lighting🚓 Patrol
Shade🌳 Shade from tree⛱️ Shade from ramada
Accessibility♿ Paved accessible paths🥾 Limited accessible paths","2 of 9: Which park would you choose?

 AttributesPark APark B
Distance🚗 Over 4 miles🚲 2–4 miles
Amenities🛝 Nature play🚫 No amenities
Plant type🌵🌺 Mixed plant types🌺 Non-native plants
Safety🚫 No added safety features💡 Night lighting
Shade🌳 Shade from tree⛱️ Shade from ramada
Accessibility🥾 Limited accessible paths♿ Paved accessible paths","3 of 9: Which park would you choose?

 
AttributesPark APark B
Distance🚶 Under 1 mile🚲 2–4 miles
Amenities🛝 Nature play🚫 No amenities
Plant type🌺 Non-native plants🌵🌺 Mixed plant types
Safety💡 Night lighting🚫 No added safety features
Shade⛱️ Shade from ramada☀️ No shade
Accessibility🥾 Limited accessible paths♿ Paved accessible paths","4 of 9: Which park would you choose?

 
AttributesPark APark B
Distance🚲 2–4 miles🚶 Under 1 mile
Amenities🧺 Gathering spaces🛝 Nature play
Plant type🌵 Native plants🌵🌺 Mixed plant types
Safety🚓 Patrol🚫 No added safety features
Shade🌳 Shade from tree☀️ No shade
Accessibility🚫 No accessible paths🥾 Limited accessible paths","5 of 9: Which park would you choose?

 
AttributesPark APark B
Distance🚲 2–4 miles🚶 Under 1 mile
Amenities🛝 Nature play🧺 Gathering spaces
Plant type🌵 Native plants🌺 Non-native plants
Safety💡 Night lighting🚓 Patrol
Shade☀️ No shade🌳 Shade from tree
Accessibility🚫 No accessible paths♿ Paved accessible paths","6 of 9: Which park would you choose?

 
AttributesPark APark B
Distance🚲 2–4 miles🚗 Over 4 miles
Amenities🛝 Nature play🧺 Gathering spaces
Plant type🌵🌺 Mixed plant types🌺 Non-native plants
Safety🚓 Patrol🚫 No added safety features
Shade⛱️ Shade from ramada☀️ No shade
Accessibility♿ Paved accessible paths🚫 No accessible paths","7 of 9: Which park would you choose?

 
AttributesPark APark B
Distance🚶 Under 1 mile🚲 2–4 miles
Amenities🧺 Gathering spaces🚫 No amenities
Plant type🌺 Non-native plants🌵 Native plants
Safety🚓 Patrol🚫 No added safety features
Shade☀️ No shade⛱️ Shade from ramada
Accessibility🥾 Limited accessible paths🚫 No accessible paths","8 of 9: Which park would you choose?

 
AttributesPark APark B
Distance🚲 2–4 miles🚗 Over 4 miles
Amenities🚫 No amenities🧺 Gathering spaces
Plant type🌵🌺 Mixed plant types🌵 Native plants
Safety🚫 No added safety features🚓 Patrol
Shade🌳 Shade from tree⛱️ Shade from ramada
Accessibility♿ Paved accessible paths🚫 No accessible paths","9 of 9: Which park would you choose?

 
AttributesPark APark B
Distance🚗 Over 4 miles🚶 Under 1 mile
Amenities🛝 Nature play🚫 No amenities
Plant type🌺 Non-native plants🌵 Native plants
Safety🚫 No added safety features💡 Night lighting
Shade🌳 Shade from tree☀️ No shade
Accessibility🚫 No accessible paths🥾 Limited accessible paths","To help us ensure that survey responses are being completed carefully, please select “Agree” for this question.","Considering the questions you just answered, please indicate how strongly you agree or disagree with each statement. - I found the available greenspaces made sense.","Considering the questions you just answered, please indicate how strongly you agree or disagree with each statement. - I found making a choice between different greenspaces difficult.","Considering the questions you just answered, please indicate how strongly you agree or disagree with each statement. - I believe my choices will have an impact on how greenspaces are developed in the future.","Considering the questions you just answered, please indicate how strongly you agree or disagree with each statement. - The scenarios reflected situations I could realistically imagine in my community.","How many hours do you spend in any greenspaces in Tucson (such as parks, desert trails, natural areas, or yards) per week on average?",What is your primary mode of transportation to your preferred greenspace? (Select all that apply) - Selected Choice,What is your primary mode of transportation to your preferred greenspace? (Select all that apply) - Other (please specify) - Text,What types of green spaces in Tucson do you visit or spend time in? (Select all that apply) - Selected Choice,What types of green spaces in Tucson do you visit or spend time in? (Select all that apply) - Other (please specify): - Text,What do you use the greenspace for? (Select all that apply) - Selected Choice,What do you use the greenspace for? (Select all that apply) - Other (please specify): - Text,"A public bond is a way for local governments to raise money by borrowing funds for community projects, which is typically repaid over time through taxes.

Would you be willing to support a public bond to fund greenspace initiatives?","You indicated that you would not be willing to support a public bond to fund greenspace initiatives.


Please indicate the degree to which you agree or disagree with the following statements. - I generally do not support public bonds or tax increases.","You indicated that you would not be willing to support a public bond to fund greenspace initiatives.


Please indicate the degree to which you agree or disagree with the following statements. - I cannot afford potential increases in taxes at this time.","You indicated that you would not be willing to support a public bond to fund greenspace initiatives.


Please indicate the degree to which you agree or disagree with the following statements. - Greenspace initiatives are not a high priority compared to other community needs.","You indicated that you would not be willing to support a public bond to fund greenspace initiatives.


Please indicate the degree to which you agree or disagree with the following statements. - I do not believe a public bond is an effective way to fund greenspace projects.","You indicated that you would not be willing to support a public bond to fund greenspace initiatives.


Please indicate the degree to which you agree or disagree with the following statements. - I do not trust that the funds would be used responsibly.",Which statement best reflects your views on water use?,Would you be willing to volunteer your time on a regular basis to help maintain this park at 2 hour clean-up events?,How safe do you feel when visiting your greenspace?,Which features would make you feel safer in the greenspace? (select all that apply) - Selected Choice,Which features would make you feel safer in the greenspace? (select all that apply) - Other (please specify) - Text,"Please share why you chose, or didn't choose, the safety features above:",What is your age?,How do you describe yourself? - Selected Choice,How do you describe yourself? - Prefer to self-describe - Text,"Are you of Hispanic, Latino, or Spanish origin?",What is your race? - Selected Choice,What is your race? - Other - Text,What is your US Zip Code?,"How many people live in your household, including yourself?",How many people who live in your household are under the age of 18?,For how long have you lived in Arizona?,Where would you say you are from? - Selected Choice,Where would you say you are from? - Other - Text,What type of housing do you currently live in? - Selected Choice,What type of housing do you currently live in? - Other (please specify) - Text,Which of the following best describes your role in the community? (Select all that apply) - Selected Choice,Which of the following best describes your role in the community? (Select all that apply) - Other: - Text,What is the highest level of education you have completed?,What was your total household income before taxes during the past 12 months?,Do you identify as having a disability?,Do you have any additional comments or feedback?,participantID,age,gender,householdincome
"{""ImportId"":""startDate"",""timeZone"":""America/Denver""}","{""ImportId"":""endDate"",""timeZone"":""America/Denver""}","{""ImportId"":""status""}","{""ImportId"":""progress""}","{""ImportId"":""duration""}","{""ImportId"":""finished""}","{""ImportId"":""recordedDate"",""timeZone"":""America/Denver""}","{""ImportId"":""_recordId""}","{""ImportId"":""distributionChannel""}","{""ImportId"":""userLanguage""}","{""ImportId"":""Q_RecaptchaScore""}","{""ImportId"":""Q_DuplicateRespondent""}","{""ImportId"":""QID1""}","{""ImportId"":""QID26_FILE_ID""}","{""ImportId"":""QID26_FILE_NAME""}","{""ImportId"":""QID26_FILE_SIZE""}","{""ImportId"":""QID26_FILE_TYPE""}","{""ImportId"":""QID109""}","{""ImportId"":""QID114""}","{""ImportId"":""QID24""}","{""ImportId"":""QID1323829097""}","{""ImportId"":""QID1323829098""}","{""ImportId"":""QID1323829099""}","{""ImportId"":""QID1323829100""}","{""ImportId"":""QID1323829101""}","{""ImportId"":""QID1323829102""}","{""ImportId"":""QID1323829103""}","{""ImportId"":""QID1323829104""}","{""ImportId"":""QID1323829105""}","{""ImportId"":""QID1323829106""}","{""ImportId"":""QID1323829107""}","{""ImportId"":""QID1323829108""}","{""ImportId"":""QID1323829109""}","{""ImportId"":""QID1323829110""}","{""ImportId"":""QID1323829111""}","{""ImportId"":""QID1323829112""}","{""ImportId"":""QID1323829113""}","{""ImportId"":""QID1323829114""}","{""ImportId"":""QID121""}","{""ImportId"":""QID77_1""}","{""ImportId"":""QID77_2""}","{""ImportId"":""QID77_3""}","{""ImportId"":""QID77_4""}","{""ImportId"":""QID66""}","{""ImportId"":""QID43""}","{""ImportId"":""QID43_6_TEXT""}","{""ImportId"":""QID67""}","{""ImportId"":""QID67_8_TEXT""}","{""ImportId"":""QID106""}","{""ImportId"":""QID106_5_TEXT""}","{""ImportId"":""QID54""}","{""ImportId"":""QID69_1""}","{""ImportId"":""QID69_2""}","{""ImportId"":""QID69_3""}","{""ImportId"":""QID69_4""}","{""ImportId"":""QID69_5""}","{""ImportId"":""QID52""}","{""ImportId"":""QID150""}","{""ImportId"":""QID57""}","{""ImportId"":""QID60""}","{""ImportId"":""QID60_5_TEXT""}","{""ImportId"":""QID116_TEXT""}","{""ImportId"":""QID4_TEXT""}","{""ImportId"":""QID3""}","{""ImportId"":""QID3_4_TEXT""}","{""ImportId"":""QID6""}","{""ImportId"":""QID5""}","{""ImportId"":""QID5_6_TEXT""}","{""ImportId"":""QID10_TEXT""}","{""ImportId"":""QID148_TEXT""}","{""ImportId"":""QID149_TEXT""}","{""ImportId"":""QID36""}","{""ImportId"":""QID117""}","{""ImportId"":""QID117_51_TEXT""}","{""ImportId"":""QID47""}","{""ImportId"":""QID47_7_TEXT""}","{""ImportId"":""QID11""}","{""ImportId"":""QID11_8_TEXT""}","{""ImportId"":""QID8""}","{""ImportId"":""QID9""}","{""ImportId"":""QID14""}","{""ImportId"":""QID108_TEXT""}","{""ImportId"":""participantID""}","{""ImportId"":""age""}","{""ImportId"":""gender""}","{""ImportId"":""householdincome""}"
2026-06-25 13:30:14,2026-06-25 13:32:15,IP Address,100,120,True,2026-06-25 13:32:16,R_6rMRBO16zyuKrrw,anonymous,EN,1,,"Yes, I consent.",F_2S7eTG1uQewen97,signature.png,3967,image/png,Yes,No,,,,,,,,,,,,,,,,,,,,,,,,,,,,,,,,,,,,,,,,,,,,,,,,,,,,,,,,,,,,,,,,,,,
2026-06-25 15:10:48,2026-06-25 15:11:44,IP Address,100,55,True,2026-06-25 15:11:45,R_7cIYPuuqnoawYtX,anonymous,EN,0.800000011920929,,"Yes, I consent.",F_293PcnAvVnG006q,signature.png,4040,image/png,Yes,No,,,,,,,,,,,,,,,,,,,,,,,,,,,,,,,,,,,,,,,,,,,,,,,,,,,,,,,,,,,,,,,,pfa844195,76,male,"$85,000 to $114,999"
2026-06-25 22:31:09,2026-06-25 22:36:55,IP Address,100,346,True,2026-06-25 22:36:56,R_5hYAHTkIisF8fwS,anonymous,EN,0.800000011920929,,"Yes, I consent.",F_81gyt22Hv9HRcOt,signature.png,14268,image/png,Yes,No,,,,,,,,,,,,,,,,,,,,,,,,,,,,,,,,,,,,,,,,,,,,,,,,,,,,,,,,,,,,,,,,pbb78b600,59,female,"$85,000 to $114,999"
2026-06-25 22:27:35,2026-06-25 22:41:06,IP Address,100,810,True,2026-06-25 22:41:07,R_5HjKJJG1P22RSZy,anonymous,EN,1,,"Yes, I consent.",F_xx49kr9Y2c9F19n,signature.png,5264,image/png,Yes,Yes,A,,,,,,,,,,B,B,A,A,B,A,A,B,B,,Agree,Neutral,Agree,Agree,3-4,Personal vehicle (car or motorcycle),,"City or neighborhood parks,Desert or natural areas",,"Exercise / Sports,Relaxing",,Yes,,,,,,,,Somewhat safe,,,,76,Male,,No,White,,85381,2,0,10+ years,,,Apartment,,Community member,,Bachelor’s degree,"$50,000-$74,999","No, I do not have a disability",,pb8e8c4b9,77,male,"$40,000 to $59,999"
2026-06-25 22:46:10,2026-06-25 22:47:50,IP Address,100,99,True,2026-06-25 22:47:51,R_6hioNbe2m3aFU0V,anonymous,EN,1,,"Yes, I consent.",F_09buvl7gjejBvJD,signature.png,7164,image/png,Yes,No,,,,,,,,,,,,,,,,,,,,,,,,,,,,,,,,,,,,,,,,,,,,,,,,,,,,,,,,,,,,,,,,pfc379ee3,69,male,"$60,000 to $84,999"
2026-06-25 22:51:48,2026-06-25 22:58:20,IP Address,100,392,True,2026-06-25 22:58:21,R_7egZP5Gd6M13MMp,anonymous,EN,0.8999999761581421,,"Yes, I consent.",F_2ydOu8mSt1EV00S,signature.png,7513,image/png,Yes,Yes,A,,,,,,,,,,B,A,A,A,B,A,A,B,B,Agree,Strongly agree,Disagree,Agree,Agree,1-2,Walking,,"Walking/biking trails,School or campus greenspaces",,"Relaxing,Socializing",,No,Neutral,Agree,Agree,Disagree,Agree,Conserving water is important but not a top priority,,Neutral,,,,19,Female,,No,Asian,,85742,2,0,3-5 years,Arizona,,Single family home,,Prefer not to say,,"Some college, but no degree","$25,000-$49,999","No, I do not have a disability","nope ",pae2bef02,19,female,"$25,000 to $39,999"
2026-06-25 22:47:53,2026-06-25 22:59:38,IP Address,100,705,True,2026-06-25 22:59:39,R_7XPgWhNVFc7isFj,anonymous,EN,1,,"Yes, I consent.",F_27U5M71Glr0y0NT,signature.png,5897,image/png,Yes,Yes,A,B,B,A,B,B,A,A,B,B,,,,,,,,,,,Agree,Neutral,Neutral,Agree,0,Personal vehicle (car or motorcycle),,"City or neighborhood parks,Private yards,Golf courses or landscaped recreational areas",,Relaxing,,Yes,,,,,,,,Somewhat safe,,,,59,Male,,No,White,,85204,3,0,10+ years,,,Apartment,,Community member,,"Some college, but no degree","$100,000-$149,999","No, I do not have a disability",,pd21c05f5,60,male,"$115,000 to $149,999"
2026-06-25 23:31:38,2026-06-25 23:40:40,IP Address,100,541,True,2026-06-25 23:40:41,R_3sNFKIsF0I2JJO9,anonymous,EN,0.800000011920929,,"Yes, I consent.",F_3kB5ozdLecUE3vQ,signature.png,8139,image/png,Yes,Yes,A,B,A,A,B,B,B,A,B,B,,,,,,,,,,Agree,Agree,Neutral,Neutral,Agree,5-6,"Bicycling,Personal vehicle (car or motorcycle)",,"City or neighborhood parks,Desert or natural areas",,"Exercise / Sports,Relaxing",,No,Agree,Strongly agree,Neutral,Disagree,Neutral,Conserving water is important but not a top priority,,Somewhat safe,,,,18,Male,,No,White,,85282,3,0,10+ years,,,Apartment,,Community member,,Some high school or less,"$50,000-$74,999","No, I do not have a disability",Nope,pa7293893,19,male,"$40,000 to $59,999"
2026-06-27 21:49:07,2026-06-27 21:49:47,IP Address,100,39,True,2026-06-27 21:49:48,R_5QL65cfmOt67JHq,anonymous,EN,1,,"Yes, I consent.",F_r9lfhlxmcnXs8iB,signature.png,3894,image/png,Yes,No,,,,,,,,,,,,,,,,,,,,,,,,,,,,,,,,,,,,,,,,,,,,,,,,,,,,,,,,,,,,,,,,pbb824d5b,43,male,"$85,000 to $114,999"
2026-06-27 23:04:42,2026-06-27 23:11:09,IP Address,100,387,True,2026-06-27 23:11:10,R_6OPzNZBzanW6shq,anonymous,EN,1,,"Yes, I consent.",F_338gqpMmuWA039H,signature.png,6946,image/png,Yes,Yes,A,A,B,B,A,B,B,A,B,A,,,,,,,,,,,Agree,Disagree,Neutral,Agree,3-4,"Walking,Bicycling,Personal vehicle (car or motorcycle)",,"City or neighborhood parks,Desert or natural areas,Walking/biking trails,Community gardens",,"Exercise / Sports,Relaxing",,Yes,,,,,,,,Somewhat safe,,,,29,Female,,No,White,,85710,3,1,10+ years,,,Single family home,,Community member,,Some high school or less,"$50,000-$74,999","Yes, physical disability but not impacting my ability to walk",,pfacd8a4a,30,female,"$60,000 to $84,999"
2026-06-27 23:20:05,2026-06-27 23:28:01,IP Address,100,475,True,2026-06-27 23:28:02,R_5lY79cjhWFc2iYN,anonymous,EN,0.30000001192092896,,"Yes, I consent.",F_2wglOehwG4k7ss0,signature.png,9320,image/png,Yes,Yes,A,,,,,,,,,,A,B,A,B,A,B,B,A,A,Agree,Agree,Neutral,Agree,Strongly agree,1-2,"Walking,Bicycling,Personal vehicle (car or motorcycle)",,"City or neighborhood parks,Desert or natural areas,Walking/biking trails,Community gardens",,"Gardening,Relaxing,Socializing",,Yes,,,,,,,,Somewhat safe,,,,20,Female,,Yes,Other,"Mexican ",85122,2,0,10+ years,,,Single family home,,Community member,,"Some college, but no degree","$25,000-$49,999","No, I do not have a disability",This survey went well and I hope there's a park actually opening up .,pd5e033ee,21,female,"$25,000 to $39,999"
2026-06-28 03:34:19,2026-06-28 03:51:25,IP Address,100,1026,True,2026-06-28 03:51:26,R_6IcrZAYweW8m7VJ,anonymous,EN,0.8999999761581421,,"Yes, I consent.",F_ZkLH81rYoRsAohj,signature.png,11520,image/png,Yes,Yes,A,A,B,A,B,B,B,A,B,B,,,,,,,,,,,Agree,Neutral,Agree,Agree,0,Personal vehicle (car or motorcycle),,Private yards,,"Relaxing,Socializing",,Yes,,,,,,,,Somewhat safe,,,,80,Male,,No,White,,85206,2,0,10+ years,,,Single family home,,Community member,,Bachelor’s degree,"$75,000-$99,999","Yes, physical disability that makes it hard to walk",no,pb5e2b386,80,male,"$85,000 to $114,999"
2026-06-28 04:35:30,2026-06-28 04:46:31,IP Address,100,660,True,2026-06-28 04:46:32,R_1HkSN8blOE7ICwy,anonymous,EN,1,,"Yes, I consent.",F_3kdjzlt7uoOmyCR,signature.png,9571,image/png,Yes,Yes,A,A,B,B,B,B,B,A,B,B,,,,,,,,,,,Strongly agree,Strongly disagree,Neutral,Strongly agree,0,"Walking,Bicycling",,"City or neighborhood parks,Desert or natural areas,Walking/biking trails",,"Exercise / Sports,Relaxing",,Yes,,,,,,,,Very safe,,,,52,Female,,No,"White,American Indian or Alaska Native",,85120,1,0,10+ years,,,Apartment,,Coalition member,,High school diploma or GED,"$25,000-$49,999","No, I do not have a disability","Nothing ",pfc0b272c,53,female,"$25,000 to $39,999"
2026-06-28 04:51:50,2026-06-28 04:57:31,IP Address,100,340,True,2026-06-28 04:57:32,R_6R2fRZjpgU4Svx7,anonymous,EN,0.800000011920929,,"Yes, I consent.",F_24Cqonc6zCQdjCy,signature.png,4803,image/png,Yes,Yes,A,,,,,,,,,,B,B,A,A,B,A,A,A,B,Agree,Agree,Disagree,Disagree,Agree,0,Personal vehicle (car or motorcycle),,"Desert or natural areas,Walking/biking trails,Community gardens",,Relaxing,,No,Agree,Strongly agree,Agree,Agree,Agree,Conserving water is important but not a top priority,,Somewhat unsafe,,,I would choose all safety features as I think they are all necessary.,23,Female,,No,Asian,,85719,2,0,1-3 years,Other,Canada,Apartment,,Prefer not to say,,"Graduate or professional degree (MA, MS, MBA, PhD, JD, MD, DDS etc.)","$75,000-$99,999","No, I do not have a disability",,pc0fc6b5c,24,female,"$60,000 to $84,999"
2026-06-28 05:33:05,2026-06-28 05:47:49,IP Address,100,883,True,2026-06-28 05:47:50,R_3K7MUdOFGFxkuH6,anonymous,EN,1,,"Yes, I consent.",F_XtCFufAh3UofIn7,signature.png,7006,image/png,Yes,Yes,A,A,B,A,A,B,B,A,B,B,,,,,,,,,,,Strongly agree,Disagree,Strongly agree,Strongly agree,1-2,"Walking,Bicycling",,"Desert or natural areas,Walking/biking trails,Community gardens",,"Exercise / Sports,Gardening,Relaxing,Socializing",,Yes,,,,,,,,Very safe,,,,42,Female,,No,American Indian or Alaska Native,,85304,7,2,10+ years,,,Single family home,,Part of a community organization,,High school diploma or GED,"$75,000-$99,999","No, I do not have a disability",I think I like the green space plan…,pc5423490,43,female,"$85,000 to $114,999"
2026-06-28 07:05:06,2026-06-28 07:06:07,IP Address,100,60,True,2026-06-28 07:06:08,R_5qdM9FqNphx7nMt,anonymous,EN,0.800000011920929,,"Yes, I consent.",F_sGrXOBXu2YuR5Gp,signature.png,7900,image/png,Yes,No,,,,,,,,,,,,,,,,,,,,,,,,,,,,,,,,,,,,,,,,,,,,,,,,,,,,,,,,,,,,,,,,pbdbe5d06,66,female,"$40,000 to $59,999"
2026-06-28 09:44:08,2026-06-28 09:51:34,IP Address,100,446,True,2026-06-28 09:51:36,R_14MJcOzxt9Cs3Pb,anonymous,EN,0.30000001192092896,,"Yes, I consent.",F_3O8Iy0lsYqOjhCR,signature.png,7722,image/png,Yes,Yes,A,,,,,,,,,,B,B,A,A,B,A,A,B,A,Agree,Strongly agree,Strongly disagree,Agree,Strongly agree,1-2,Walking,,City or neighborhood parks,,Relaxing,,Yes,,,,,,,,Very safe,,,,61,Female,,No,White,,85381,1,0,5-10 years,Illinois,,Apartment,,Community member,,Bachelor’s degree,"$50,000-$74,999","No, I do not have a disability","None ",pddb9ca81,61,female,"$40,000 to $59,999"
2026-06-28 09:57:13,2026-06-28 10:05:51,IP Address,100,518,True,2026-06-28 10:05:52,R_6KoT1hjtq8FdZtu,anonymous,EN,1,,"Yes, I consent.",F_3lLBQ7N1PVa7SXG,signature.png,6809,image/png,Yes,Yes,A,A,B,A,B,B,B,A,B,B,,,,,,,,,,,Agree,Strongly agree,Agree,Strongly agree,3-4,"Walking,Personal vehicle (car or motorcycle)",,"City or neighborhood parks,Community gardens",,"Exercise / Sports,Relaxing",,Yes,,,,,,,,Very safe,,,,24,Male,,No,Other,"Multiracial ",85701,4,0,10+ years,,,Single family home,,Community member,,Bachelor’s degree,"$100,000-$149,999","No, I do not have a disability","I thought this survey was very thoughtful and interesting ",pcaa36046,25,male,"$115,000 to $149,999"
2026-06-28 10:02:08,2026-06-28 10:08:11,IP Address,100,363,True,2026-06-28 10:08:12,R_1WVjVaybzPjIpDb,anonymous,EN,1,,"Yes, I consent.",F_33CmjDiD76qXQfX,signature.png,5852,image/png,Yes,Yes,B,B,A,A,A,B,A,A,B,B,,,,,,,,,,,Strongly agree,Disagree,Agree,Strongly agree,1-2,Personal vehicle (car or motorcycle),,"City or neighborhood parks,Desert or natural areas,Walking/biking trails,Community gardens,Private yards",,"Exercise / Sports,Gardening,Relaxing,Socializing",,Yes,,,,,,,,Very safe,,,,64,Female,,No,White,,85281,1,0,10+ years,,,Townhome or duplex,,"Community member,Part of a community organization",,Bachelor’s degree,"Less than $25,000","No, I do not have a disability","No, thank you. ",pfdb30d47,64,female,"$10,000 to $24,999"
2026-06-28 10:02:29,2026-06-28 10:10:12,IP Address,100,463,True,2026-06-28 10:10:13,R_5Tw5Ty2WzeHO2Lp,anonymous,EN,1,,"Yes, I consent.",F_33pDySNDeb1RcQt,signature.png,4887,image/png,Yes,Yes,A,A,B,A,B,B,B,A,A,B,,,,,,,,,,,Neutral,Disagree,Agree,Agree,3-4,"Walking,Personal vehicle (car or motorcycle)",,"City or neighborhood parks,Desert or natural areas,Walking/biking trails,Community gardens",,"Exercise / Sports,Relaxing,Socializing",,Yes,,,,,,,,Somewhat safe,,,,30,Female,,No,Black or African American,,85711,5,4,10+ years,,,Apartment,,Community member,,High school diploma or GED,"$25,000-$49,999","No, I do not have a disability",No,pf7da1a7e,30,female,"$25,000 to $39,999"
2026-06-28 10:01:28,2026-06-28 10:12:27,IP Address,100,658,True,2026-06-28 10:12:28,R_3mdT1LuQ8WxMXui,anonymous,EN,1,,"Yes, I consent.",F_21zl5e7zcZNuuRQ,signature.png,3807,image/png,Yes,Yes,A,,,,,,,,,,B,B,A,B,B,A,B,A,B,Agree,Strongly agree,Strongly agree,Strongly agree,Strongly agree,5-6,"Bicycling,Personal vehicle (car or motorcycle)",,"Desert or natural areas,Walking/biking trails,Community gardens,School or campus greenspaces",,"Exercise / Sports,Relaxing,Socializing",,Yes,,,,,,,,Very safe,,,,28,Male,,Yes,White,,86409,4,1,3-5 years,Arizona,,Single family home,,Community member,,Bachelor’s degree,"$75,000-$99,999","No, I do not have a disability",,pc1f9b74b,29,male,"$85,000 to $114,999"
2026-06-28 10:00:39,2026-06-28 10:13:10,IP Address,100,750,True,2026-06-28 10:13:11,R_5V9kAjtT9sLZfgJ,anonymous,EN,1,,"Yes, I consent.",F_21iDhuZahUZ5EVr,signature.png,5364,image/png,Yes,Yes,A,,,,,,,,,,B,B,A,A,B,A,B,B,B,Agree,Strongly agree,Strongly disagree,Strongly agree,Strongly agree,1-2,"Walking,Bicycling",,"City or neighborhood parks,Walking/biking trails",,"Relaxing,Socializing",,Yes,,,,,,,,Somewhat safe,,,,28,Nonbinary / third gender,,Yes,Black or African American,,85226,1,0,10+ years,,,Apartment,,Community member,,High school diploma or GED,"$25,000-$49,999","No, I do not have a disability",,pc6386690,28,female,"$25,000 to $39,999"
2026-06-28 10:10:01,2026-06-28 10:14:01,IP Address,100,239,True,2026-06-28 10:14:02,R_1LbHFIktHawpJjb,anonymous,EN,0.800000011920929,,"Yes, I consent.",F_2V3kBEwj3Lzl9uO,signature.png,5308,image/png,Yes,Yes,B,,,,,,,,,,A,A,B,A,B,A,B,A,B,Agree,Agree,Neutral,Agree,Strongly agree,7-8,"Walking,Personal vehicle (car or motorcycle),Public transportation (bus, streetcar)",,"City or neighborhood parks,Community gardens,Private yards",,"Exercise / Sports,Gardening",,Yes,,,,,,,,Very safe,,,,26,Male,,No,White,,85020,1,0,10+ years,,,Single family home,,"Community member,Part of a community organization,Local government",,Bachelor’s degree,"$25,000-$49,999","No, I do not have a disability",This is great I love my community,paf115179,27,male,"$60,000 to $84,999"
2026-06-28 10:04:23,2026-06-28 10:14:12,IP Address,100,588,True,2026-06-28 10:14:13,R_5MKznTH3JtjNrKp,anonymous,EN,0.800000011920929,,"Yes, I consent.",F_r0bqpjk8BlPLmoh,signature.png,9435,image/png,Yes,Yes,B,,,,,,,,,,A,B,B,B,A,A,B,A,B,Agree,Neutral,Agree,Agree,Strongly agree,1-2,Walking,,Private yards,,Relaxing,,Yes,,,,,,,,Somewhat safe,,,,37,Female,,No,White,,85308,2,0,10+ years,,,Single family home,,Community member,,"Some college, but no degree","$25,000-$49,999","Yes, physical disability but not impacting my ability to walk",No other feedback.,pfbbac23c,37,female,"$25,000 to $39,999"
2026-06-28 10:06:51,2026-06-28 10:15:08,IP Address,100,497,True,2026-06-28 10:15:09,R_5BerzibOvFXGj5f,anonymous,EN,1,,"Yes, I consent.",F_2TUaK9pbqLSxOMd,signature.png,7105,image/png,Yes,Yes,A,A,B,A,B,B,B,A,B,B,,,,,,,,,,,Neutral,Neutral,Neutral,Agree,1-2,Personal vehicle (car or motorcycle),,"Walking/biking trails,Private yards",,"Gardening,Relaxing,Socializing",,No,Agree,Agree,Agree,Disagree,Strongly agree,Water conservation is not a major concern for me,,Neutral,,,,39,Female,,No,White,,85710,3,0,10+ years,,,Single family home,,Community member,,Associates or technical degree,"$50,000-$74,999","No, I do not have a disability",,pcbac9a8f,40,female,"$60,000 to $84,999"
2026-06-28 10:19:27,2026-06-28 10:21:02,IP Address,100,94,True,2026-06-28 10:21:03,R_6uWpeHXiD29wlgt,anonymous,EN,1,,"Yes, I consent.",F_3MnfwS1gboPWGjo,signature.png,7111,image/png,Yes,No,,,,,,,,,,,,,,,,,,,,,,,,,,,,,,,,,,,,,,,,,,,,,,,,,,,,,,,,,,,,,,,,pdbf0c0b8,21,male,"$85,000 to $114,999"
2026-06-28 10:20:09,2026-06-28 10:27:09,IP Address,100,420,True,2026-06-28 10:27:11,R_7TvGVbcAXFAQdau,anonymous,EN,1,,"Yes, I consent.",F_3Gvln2h5TTMDNlB,signature.png,7113,image/png,Yes,Yes,B,,,,,,,,,,B,A,A,A,B,A,A,B,A,Agree,Strongly agree,Strongly disagree,Strongly agree,Strongly agree,3-4,"Walking,Personal vehicle (car or motorcycle)",,"City or neighborhood parks,Desert or natural areas,Walking/biking trails,Community gardens",,"Exercise / Sports,Relaxing",,Yes,,,,,,,,Very safe,,,,23,Female,,No,Black or African American,,85345,5,3,10+ years,,,Single family home,,"Community member,Part of a community organization",,"Some college, but no degree","$25,000-$49,999","No, I do not have a disability",,pffce2394,23,female,"$40,000 to $59,999"
2026-06-28 10:24:20,2026-06-28 10:28:56,IP Address,100,276,True,2026-06-28 10:28:57,R_10BflWi3p04CQc9,anonymous,EN,0.800000011920929,,"Yes, I consent.",F_D7utvEhzqpfZdeh,signature.png,8302,image/png,Yes,Yes,B,A,A,A,A,B,B,A,B,B,,,,,,,,,,,Neutral,Neutral,Neutral,Neutral,0,Walking,,"City or neighborhood parks,Walking/biking trails",,"Exercise / Sports,Relaxing,Socializing",,Yes,,,,,,,,Neutral,,,,34,Female,,No,"White,Black or African American",,85021,3,1,5-10 years,Georgia,,Apartment,,Local government,,High school diploma or GED,"Less than $25,000","Yes, physical disability but not impacting my ability to walk","No comment ",pcf007272,35,female,"Less than $9,999"
2026-06-28 10:20:15,2026-06-28 10:30:02,IP Address,100,587,True,2026-06-28 10:30:03,R_3CgrInSQZOQbLcM,anonymous,EN,0.8999999761581421,,"Yes, I consent.",F_32WTGk5U6kHmkS5,signature.png,9780,image/png,Yes,Yes,B,B,A,A,B,B,A,A,B,B,,,,,,,,,,,Agree,Disagree,Neutral,Strongly agree,5-6,Walking,,"City or neighborhood parks,Walking/biking trails",,Exercise / Sports,,Yes,,,,,,,,Very safe,,,,59,Male,,No,White,,85737,2,0,10+ years,,,Single family home,,Community member,,"Graduate or professional degree (MA, MS, MBA, PhD, JD, MD, DDS etc.)","$150,000 or more","No, I do not have a disability",,pf9eb43aa,60,male,"$150,000 to $199,999"
2026-06-28 10:19:01,2026-06-28 10:30:17,IP Address,100,675,True,2026-06-28 10:30:18,R_3NRxNxSVTyOnf7X,anonymous,EN,1,,"Yes, I consent.",F_1P1WOLW1GENC7k0,signature.png,8776,image/png,Yes,Yes,A,A,A,B,B,B,B,A,A,B,,,,,,,,,,,Agree,Agree,Agree,Agree,0,Personal vehicle (car or motorcycle),,Private yards,,Socializing,,No,Neutral,Agree,Neutral,Agree,Disagree,Conserving water is important but not a top priority,,Very safe,,,,77,Female,,No,White,,86210,1,0,10+ years,,,Apartment,,Community member,,"Graduate or professional degree (MA, MS, MBA, PhD, JD, MD, DDS etc.)","$25,000-$49,999","No, I do not have a disability",No,pfb579a5a,78,female,"$25,000 to $39,999"
2026-06-28 10:21:03,2026-06-28 10:30:36,IP Address,100,573,True,2026-06-28 10:30:38,R_7MMx5h2AYZh8PG7,anonymous,EN,0.8999999761581421,,"Yes, I consent.",F_3nARvKfqH6jW2gh,signature.png,7199,image/png,Yes,Yes,B,,,,,,,,,,B,B,A,B,B,A,A,A,B,Agree,Agree,Agree,Agree,Strongly agree,1-2,Walking,,City or neighborhood parks,,Relaxing,,Yes,,,,,,,,Very safe,,,,58,Male,,No,White,,85712,1,0,10+ years,,,Single family home,,Prefer not to say,,Bachelor’s degree,"$50,000-$74,999",Prefer not to say,,pcd49e4a7,58,male,"$60,000 to $84,999"
2026-06-28 10:19:48,2026-06-28 10:30:54,IP Address,100,665,True,2026-06-28 10:30:55,R_3PhQ1ex7q3Xtg5U,anonymous,EN,0.800000011920929,,"Yes, I consent.",F_12L08cqM5lBb4JB,signature.png,9588,image/png,Yes,Yes,A,,,,,,,,,,B,A,B,B,B,A,A,A,B,Agree,Strongly disagree,Strongly disagree,Agree,Agree,1-2,Personal vehicle (car or motorcycle),,"Desert or natural areas,Community gardens",,"Relaxing,Socializing",,Yes,,,,,,,,Very safe,,,,59,Female,,No,White,,85719,2,0,10+ years,,,Townhome or duplex,,Community member,,"Some college, but no degree","$25,000-$49,999","Yes, physical disability that makes it hard to walk",,pdca9ed23,60,female,"$25,000 to $39,999"
2026-06-28 10:32:04,2026-06-28 10:34:00,IP Address,100,115,True,2026-06-28 10:34:01,R_1FR9jBnb5BjCIkk,anonymous,EN,0.8999999761581421,,"Yes, I consent.",F_1LBehvfiD5A56Ni,signature.png,7575,image/png,Yes,No,,,,,,,,,,,,,,,,,,,,,,,,,,,,,,,,,,,,,,,,,,,,,,,,,,,,,,,,,,,,,,,,pf84a0a02,54,female,"$60,000 to $84,999"
2026-06-28 10:27:28,2026-06-28 10:37:30,IP Address,100,602,True,2026-06-28 10:37:32,R_1QB1gwMkor3kbEI,anonymous,EN,1,,"Yes, I consent.",F_3MQBgu4s1M6sZLy,signature.png,6840,image/png,Yes,Yes,A,A,B,A,B,B,A,A,B,B,,,,,,,,,,,Strongly agree,Strongly agree,Agree,Agree,1-2,Personal vehicle (car or motorcycle),,"City or neighborhood parks,Walking/biking trails",,"Exercise / Sports,Relaxing",,Yes,,,,,,,,Somewhat safe,,,,50,Female,,Yes,White,,85173,3,0,10+ years,,,Single family home,,"Community member,Part of a community organization",,"Some college, but no degree","$25,000-$49,999","No, I do not have a disability","No feedback ",pbde2f34b,51,female,"$40,000 to $59,999"
2026-06-28 10:27:17,2026-06-28 10:37:34,IP Address,100,616,True,2026-06-28 10:37:35,R_5I5HkQ5QebPRnVQ,anonymous,EN,0.800000011920929,,"Yes, I consent.",F_32Wu74WOGq1IowE,signature.png,3676,image/png,Yes,Yes,A,A,B,A,B,B,B,A,A,B,,,,,,,,,,,Agree,Neutral,Neutral,Agree,3-4,Personal vehicle (car or motorcycle),,City or neighborhood parks,,"Exercise / Sports,Relaxing,Socializing",,Yes,,,,,,,,Very safe,,,,41,Male,,No,White,,85015,3,1,10+ years,,,"Temporary housing (e.g., shelter)",,Community member,,High school diploma or GED,"Less than $25,000","Yes, physical disability but not impacting my ability to walk",Pretty good,paa31a17e,41,male,"$10,000 to $24,999"
2026-06-28 10:27:56,2026-06-28 10:56:50,IP Address,100,1733,True,2026-06-28 10:56:52,R_6H7axMKtqs4kJb4,anonymous,EN,1,,"Yes, I consent.",F_27QmxdPpNX0KXmV,signature.png,9087,image/png,Yes,Yes,A,,,,,,,,,,B,B,A,A,B,A,B,B,A,Agree,Neutral,Disagree,Strongly agree,Agree,0,"Public transportation (bus, streetcar),Other (please specify)",Ride from roomate,Private yards,,Socializing,,No,Agree,Strongly agree,Disagree,Agree,Neutral,Water conservation is mainly the government’s responsibility,,Somewhat safe,,,,39,Female,,No,White,,85706,2,0,5-10 years,California,,Mobile home / RV,,Community member,,"Some college, but no degree","$75,000-$99,999","No, I do not have a disability","Not at this time ",pafadfbec,40,female,"$40,000 to $59,999"
2026-06-28 10:58:43,2026-06-28 11:06:26,IP Address,100,462,True,2026-06-28 11:06:27,R_5GcRxYtuy03mUBn,anonymous,EN,0.800000011920929,,"Yes, I consent.",F_pzJw2gUZUHql3Pj,signature.png,4746,image/png,Yes,Yes,A,,,,,,,,,,A,B,B,B,B,A,A,A,B,Agree,Agree,Strongly disagree,Strongly agree,Strongly agree,1-2,"Walking,Public transportation (bus, streetcar)",,"City or neighborhood parks,Walking/biking trails,Community gardens",,"Exercise / Sports,Relaxing",,Yes,,,,,,,,Very safe,,,,36,Male,,Yes,White,,85208,5,0,5-10 years,California,,Mobile home / RV,,Community member,,"Some college, but no degree","$25,000-$49,999","No, I do not have a disability",Very well designed survey.,pa29463c9,37,male,"$25,000 to $39,999"
2026-06-28 11:00:40,2026-06-28 11:06:33,IP Address,100,352,True,2026-06-28 11:06:34,R_6WUAVeYNoBlkI9R,anonymous,EN,0.6000000238418579,,"Yes, I consent.",F_2S31uv2onfuX3ZH,signature.png,6858,image/png,Yes,Yes,A,A,B,A,B,A,A,A,A,B,,,,,,,,,,,Strongly agree,Neutral,Agree,Strongly disagree,3-4,Walking,,"Desert or natural areas,Walking/biking trails,Private yards",,"Exercise / Sports,Gardening,Relaxing",,Yes,,,,,,,,Somewhat safe,,,,29,Female,,No,White,,85630,4,2,10+ years,,,Single family home,,Prefer not to say,,High school diploma or GED,"$25,000-$49,999","Yes, cognitive disability,No, I do not have a disability","It was a great serve that offered a lot of information ",pcfca1bfe,30,female,"$25,000 to $39,999"
2026-06-28 11:00:43,2026-06-28 11:06:35,IP Address,100,352,True,2026-06-28 11:06:36,R_5hrOUzzZwK9EmkW,anonymous,EN,1,,"Yes, I consent.",F_1rkTbvxTfCK4STw,signature.png,6544,image/png,Yes,Yes,A,,,,,,,,,,B,A,B,B,B,A,A,B,B,Agree,Strongly agree,Agree,Agree,Strongly agree,1-2,"Walking,Bicycling,Personal vehicle (car or motorcycle)",,"Desert or natural areas,Walking/biking trails",,Relaxing,,Yes,,,,,,,,Neutral,,,,39,Female,,No,White,,85625,2,0,5-10 years,Michigan,,Single family home,,Community member,,"Some college, but no degree","Less than $25,000","Yes, physical disability that makes it hard to walk",Fun survey,pcbd14145,40,female,"Less than $9,999"
2026-06-28 10:59:14,2026-06-28 11:09:02,IP Address,100,587,True,2026-06-28 11:09:03,R_6IXFg0mcyNXVFjb,anonymous,EN,1,,"Yes, I consent.",F_2ZWkycgl1jRN9Pm,signature.png,5466,image/png,Yes,Yes,B,B,A,A,B,B,A,B,A,B,,,,,,,,,,,Agree,Strongly agree,Agree,Neutral,0,Bicycling,,"Desert or natural areas,Walking/biking trails",,"Exercise / Sports,Relaxing",,Yes,,,,,,,,Very safe,,,,56,Female,,No,White,,85248,2,0,10+ years,,,Single family home,,Community member,,Bachelor’s degree,"$25,000-$49,999","No, I do not have a disability",,pf1c6a43d,56,female,"$40,000 to $59,999"
2026-06-28 10:59:56,2026-06-28 11:09:40,IP Address,100,584,True,2026-06-28 11:09:41,R_5TIkEioMP8m8mhX,anonymous,EN,0.8999999761581421,,"Yes, I consent.",F_1FgElT6i9NoV27p,signature.png,7461,image/png,Yes,Yes,B,,,,,,,,,,A,B,B,A,B,B,B,B,B,Agree,Agree,Agree,Agree,Strongly agree,3-4,Personal vehicle (car or motorcycle),,"Desert or natural areas,Walking/biking trails,Private yards",,"Gardening,Relaxing,Other (please specify):",walking,Yes,,,,,,,,Neutral,,,,68,Female,,No,White,,85622,2,0,5-10 years,Illinois,,Townhome or duplex,,Community member,,"Some college, but no degree","$100,000-$149,999","No, I do not have a disability",This was a great survey. Thank You.,pb0bb2cb2,68,female,"$115,000 to $149,999"
2026-06-28 10:58:26,2026-06-28 11:16:03,IP Address,100,1057,True,2026-06-28 11:16:04,R_3dYfutc8S137oLC,anonymous,EN,0.800000011920929,,"Yes, I consent.",F_23W7HikeRs4B0L6,signature.png,9035,image/png,Yes,Yes,B,A,B,B,B,B,A,A,A,B,,,,,,,,,,,Agree,Agree,Strongly agree,Strongly agree,3-4,Personal vehicle (car or motorcycle),,"Desert or natural areas,Walking/biking trails,Community gardens,Golf courses or landscaped recreational areas",,Relaxing,,Yes,,,,,,,,Very safe,,,,38,Male,,Yes,Other,Mexican American,85749,4,2,3-5 years,Illinois,,Single family home,,Part of a community organization,,Bachelor’s degree,"$75,000-$99,999","No, I do not have a disability",Fun Survey,pf96e4df4,42,male,"$85,000 to $114,999"
2026-06-28 11:02:25,2026-06-28 11:18:54,IP Address,100,989,True,2026-06-28 11:18:55,R_7dWlsYg4CRiU1hL,anonymous,EN,0.8999999761581421,,"Yes, I consent.",F_3kLhl1rNcJfCGco,signature.png,8253,image/png,Yes,Yes,A,A,A,B,A,B,B,A,B,B,,,,,,,,,,,Agree,Disagree,Agree,Strongly agree,0,"Walking,Bicycling,Personal vehicle (car or motorcycle)",,Other (please specify):,I don't live in Tucson,Other (please specify):,I don't live in Tucson.,Yes,,,,,,,,Somewhat safe,,,,44,Female,,No,White,,85120,2,0,5-10 years,Wisconsin,,Single family home,,Community member,,Associates or technical degree,"$25,000-$49,999","No, I do not have a disability","This survey was ok, but I don't live near Tucson at all.",pdb0a3c9a,45,female,"$10,000 to $24,999"
2026-06-28 11:21:16,2026-06-28 11:22:30,IP Address,100,73,True,2026-06-28 11:22:31,R_1LM3XEuspahuHbB,anonymous,EN,1,,"Yes, I consent.",F_30nO4mF6zaKnkJw,signature.png,8595,image/png,Yes,No,,,,,,,,,,,,,,,,,,,,,,,,,,,,,,,,,,,,,,,,,,,,,,,,,,,,,,,,,,,,,,,,pd2ae8227,64,female,"$40,000 to $59,999"
2026-06-28 11:20:15,2026-06-28 11:32:40,IP Address,100,745,True,2026-06-28 11:32:41,R_6KuzSr7VhaBa3gm,anonymous,EN,1,,"Yes, I consent.",F_3imwH6DJQTomTeA,signature.png,7621,image/png,Yes,Yes,A,,,,,,,,,,B,B,A,A,B,A,A,B,B,Agree,Agree,Agree,Agree,Agree,5-6,"Walking,Personal vehicle (car or motorcycle)",,"City or neighborhood parks,Desert or natural areas,Community gardens",,"Relaxing,Socializing",,Yes,,,,,,,,Somewhat safe,,,,71,Male,,No,White,,85756,2,0,3-5 years,Pennsylvania,,Single family home,,"Community member,Part of a community organization",,Associates or technical degree,"$75,000-$99,999","No, I do not have a disability",,pb788bf13,71,male,"$60,000 to $84,999"
2026-06-28 11:24:28,2026-06-28 11:35:13,IP Address,100,645,True,2026-06-28 11:35:14,R_7Mtn6V7uIdH4FVL,anonymous,EN,1,,"Yes, I consent.",F_wYNM2Jv5wqwHUUV,signature.png,7877,image/png,Yes,Yes,A,A,B,A,B,B,B,A,B,B,,,,,,,,,,,Neutral,Strongly disagree,Neutral,Agree,1-2,Personal vehicle (car or motorcycle),,City or neighborhood parks,,"Relaxing,Socializing",,Yes,,,,,,,,Somewhat safe,,,,40,Female,,No,White,,85706,4,2,10+ years,,,Mobile home / RV,,Community member,,High school diploma or GED,"$25,000-$49,999","No, I do not have a disability","The best park would have patrol, night lighting, play areas, walkable and handicapped accessible areas, gathering spaces. ",pf9112d88,41,female,"$25,000 to $39,999"
2026-06-28 11:31:00,2026-06-28 11:39:00,IP Address,100,480,True,2026-06-28 11:39:02,R_5DwlJobu8IMkhHl,anonymous,EN,1,,"Yes, I consent.",F_x45teuF18PHTSaR,signature.png,8411,image/png,Yes,Yes,A,,,,,,,,,,B,A,B,A,B,A,B,B,A,Agree,Neutral,Agree,Neutral,Agree,0,Walking,,Walking/biking trails,,Exercise / Sports,,Yes,,,,,,,,Somewhat safe,,,,65,Male,,No,White,,85310,2,0,10+ years,,,Single family home,,Community member,,"Graduate or professional degree (MA, MS, MBA, PhD, JD, MD, DDS etc.)","$25,000-$49,999","No, I do not have a disability",No,pb5a2354b,65,male,"$40,000 to $59,999"
2026-06-28 11:22:32,2026-06-28 11:43:26,IP Address,100,1254,True,2026-06-28 11:43:27,R_5qkqWlTAg9VUkcK,anonymous,EN,1,,"Yes, I consent.",F_1mrNSPhjvFVHmZJ,signature.png,8684,image/png,Yes,Yes,A,,,,,,,,,,B,B,A,A,B,A,A,B,A,Agree,Agree,Disagree,Disagree,Agree,11-12,Personal vehicle (car or motorcycle),,"City or neighborhood parks,Community gardens,School or campus greenspaces,Golf courses or landscaped recreational areas",,"Relaxing,Socializing",,Yes,,,,,,,,Somewhat safe,,,,32,Male,,No,White,,85701,2,0,3-5 years,Illinois,,Single family home,,Part of a community organization,,"Some college, but no degree","$75,000-$99,999","No, I do not have a disability",No the survey was actually better than most I see,paf1a5212,32,male,"$60,000 to $84,999"
2026-06-28 11:35:49,2026-06-28 11:44:15,IP Address,100,506,True,2026-06-28 11:44:17,R_11gmlwzFxQV3zAY,anonymous,EN,0.8999999761581421,,"Yes, I consent.",F_VVTpUl3MgMhIJBT,signature.png,14448,image/png,Yes,Yes,A,A,B,B,B,B,B,A,B,B,,,,,,,,,,,Agree,Neutral,Agree,Agree,1-2,Personal vehicle (car or motorcycle),,"City or neighborhood parks,Desert or natural areas",,"Relaxing,Socializing",,Yes,,,,,,,,Somewhat safe,,,,80,Female,,No,White,,85120,1,0,10+ years,,,Single family home,,Prefer not to say,,Associates or technical degree,"$50,000-$74,999","No, I do not have a disability",NO,paa7478be,80,female,"$40,000 to $59,999"
2026-06-28 11:46:07,2026-06-28 11:47:35,IP Address,100,87,True,2026-06-28 11:47:36,R_62hSl0XzfffuqGX,anonymous,EN,1,,"Yes, I consent.",F_2SrdCuo7UlAxsFs,signature.png,6542,image/png,Yes,No,,,,,,,,,,,,,,,,,,,,,,,,,,,,,,,,,,,,,,,,,,,,,,,,,,,,,,,,,,,,,,,,pc0c3c2a6,75,female,"$40,000 to $59,999"
2026-06-28 11:39:36,2026-06-28 11:48:08,IP Address,100,512,True,2026-06-28 11:48:09,R_1fjMAvmgDrdNL1h,anonymous,EN,1,,"Yes, I consent.",F_2eQoh91QGACKGbn,signature.png,8359,image/png,Yes,Yes,B,B,A,A,B,B,A,A,A,B,,,,,,,,,,,Agree,Neutral,Neutral,Agree,1-2,"Walking,Bicycling,Personal vehicle (car or motorcycle)",,"City or neighborhood parks,Private yards",,"Exercise / Sports,Relaxing,Socializing",,Yes,,,,,,,,Very safe,,,,53,Male,,No,Asian,,85701,1,0,10+ years,,,Single family home,,Community member,,Bachelor’s degree,"$50,000-$74,999","No, I do not have a disability",,pd54aec22,54,male,"$60,000 to $84,999"
2026-06-28 11:46:50,2026-06-28 11:48:25,IP Address,100,94,True,2026-06-28 11:48:26,R_1mk7Ty8PXYPtm1K,anonymous,EN,1,,"Yes, I consent.",F_9tRzMs3oXkUuUsp,signature.png,7646,image/png,Yes,No,,,,,,,,,,,,,,,,,,,,,,,,,,,,,,,,,,,,,,,,,,,,,,,,,,,,,,,,,,,,,,,,pce035761,52,female,"$40,000 to $59,999"
2026-06-28 11:45:37,2026-06-28 11:50:59,IP Address,100,321,True,2026-06-28 11:51:00,R_1ts4XbuDXto1C8A,anonymous,EN,1,,"Yes, I consent.",F_3lE3VWky1xe14IZ,signature.png,7192,image/png,Yes,Yes,A,,,,,,,,,,B,B,A,B,B,A,A,B,A,Agree,Strongly agree,Neutral,Agree,Neutral,7-8,"Walking,Bicycling,Public transportation (bus, streetcar),Rideshare or taxi (e.g., Uber, Lyft)",,"City or neighborhood parks,Desert or natural areas,Golf courses or landscaped recreational areas",,Exercise / Sports,,No,Strongly agree,Neutral,Agree,Strongly agree,Agree,Conserving water should be a high personal priority,,Very safe,,,,21,Male,,No,Black or African American,,85040,1,0,10+ years,,,Single family home,,Community member,,High school diploma or GED,"$25,000-$49,999","No, I do not have a disability",,pa07c0136,21,male,"$25,000 to $39,999"
2026-06-28 10:01:35,2026-06-28 11:51:09,IP Address,100,6573,True,2026-06-28 11:51:10,R_7CWnIXYKdDceBk3,anonymous,EN,1,,"Yes, I consent.",F_p5wEQ7Yt578H9Pb,signature.png,8222,image/png,Yes,Yes,B,,,,,,,,,,B,B,A,B,B,A,A,B,B,Agree,Agree,Disagree,Neutral,Agree,0,Personal vehicle (car or motorcycle),,Other (please specify):,none,Gardening,,No,Agree,Disagree,Agree,Agree,Agree,Conserving water should be a high personal priority,,Somewhat safe,,,,81,Male,,No,White,,85331,2,0,10+ years,,,Single family home,,Other:,none,"Graduate or professional degree (MA, MS, MBA, PhD, JD, MD, DDS etc.)","$100,000-$149,999","No, I do not have a disability",none,pdf5dd555,81,male,"$115,000 to $149,999"
2026-06-28 11:48:47,2026-06-28 11:53:42,IP Address,100,295,True,2026-06-28 11:53:44,R_7GNgx7gRF3C7ceA,anonymous,EN,1,,"Yes, I consent.",F_b8dY3r84Yyp3wVb,signature.png,4216,image/png,Yes,Yes,A,A,B,B,B,B,B,A,B,A,,,,,,,,,,,Strongly agree,Agree,Strongly agree,Strongly agree,0,Personal vehicle (car or motorcycle),,City or neighborhood parks,,Relaxing,,Yes,,,,,,,,Somewhat safe,,,,20,Female,,Yes,Other,"mexicano ",85335,3,0,3-5 years,Arizona,,Apartment,,Community member,,High school diploma or GED,"$25,000-$49,999","No, I do not have a disability","i liked the questions about the parks ",pcc3cb4c6,21,female,"$60,000 to $84,999"
2026-06-28 11:49:42,2026-06-28 12:01:36,IP Address,100,714,True,2026-06-28 12:01:37,R_3zxifUFBiLse4JH,anonymous,EN,1,,"Yes, I consent.",F_R5oKB37gfTUEMYF,signature.png,4313,image/png,Yes,Yes,A,,,,,,,,,,B,B,A,B,B,A,A,A,A,Agree,Strongly agree,Strongly disagree,Strongly agree,Strongly agree,3-4,"Walking,Bicycling,Personal vehicle (car or motorcycle),Public transportation (bus, streetcar),Rideshare or taxi (e.g., Uber, Lyft)",,"City or neighborhood parks,Desert or natural areas,Walking/biking trails,Community gardens",,"Exercise / Sports,Gardening,Relaxing,Socializing",,Yes,,,,,,,,Somewhat safe,,,,35,Female,,No,Asian,,85193,2,0,3-5 years,Arizona,,Single family home,,Community member,,"Some college, but no degree","$25,000-$49,999","No, I do not have a disability","Helpful survey ",pfcb42301,35,female,"$40,000 to $59,999"
2026-06-28 12:01:40,2026-06-28 12:18:07,IP Address,100,987,True,2026-06-28 12:18:09,R_3wsq8ASinWPHggq,anonymous,EN,0.4000000059604645,,"Yes, I consent.",F_10Na1OqRwGg4jpo,signature.png,7881,image/png,Yes,Yes,A,A,B,A,B,B,A,A,B,B,,,,,,,,,,,Agree,Agree,Neutral,Strongly agree,0,"Rideshare or taxi (e.g., Uber, Lyft)",,Walking/biking trails,,Exercise / Sports,,No,Strongly disagree,Strongly agree,Agree,Disagree,Neutral,Water conservation is mainly the government’s responsibility,,Somewhat unsafe,,,"I don't think that a patrol is 100% necessary, but lighting is a basic and needed safety measure",24,Nonbinary / third gender,,No,White,,85027,8,3,10+ years,,,Single family home,,Community member,,"Some college, but no degree","$25,000-$49,999","No, I do not have a disability",,pae99f776,24,male,"$25,000 to $39,999"
2026-06-28 12:00:22,2026-06-28 12:20:14,IP Address,100,1192,True,2026-06-28 12:20:15,R_5LZ09nDe6JRPOdc,anonymous,EN,0.8999999761581421,,"Yes, I consent.",F_2rkonrvfOXfjhEq,signature.png,5590,image/png,Yes,Yes,A,A,B,B,A,B,B,A,A,B,,,,,,,,,,,Strongly agree,Strongly disagree,Strongly agree,Strongly agree,3-4,Personal vehicle (car or motorcycle),,"City or neighborhood parks,Desert or natural areas,Private yards,Golf courses or landscaped recreational areas",,"Relaxing,Other (please specify):","Use my wheelchair ",Yes,,,,,,,,Very safe,,,,72,Male,,No,White,,85737,2,0,10+ years,,,Single family home,,Community member,,"Graduate or professional degree (MA, MS, MBA, PhD, JD, MD, DDS etc.)","$150,000 or more","Yes, physical disability that makes it hard to walk",We need these parks.,pb76720e1,72,male,"$200,000 or more"
2026-06-28 12:03:24,2026-06-28 12:25:28,IP Address,100,1323,True,2026-06-28 12:25:29,R_5KD9yXzLpNAyDqc,anonymous,EN,0.8999999761581421,,"Yes, I consent.",F_1exTxC7Pv3IP94R,signature.png,9240,image/png,Yes,Yes,B,,,,,,,,,,B,A,A,A,A,A,B,B,B,Agree,Agree,Agree,Strongly agree,Strongly agree,1-2,Personal vehicle (car or motorcycle),,"Desert or natural areas,Golf courses or landscaped recreational areas",,"Relaxing,Socializing",,Yes,,,,,,,,Neutral,,,,67,Female,,No,White,,85208,2,0,10+ years,,,Single family home,,Prefer not to say,,Bachelor’s degree,"$25,000-$49,999","No, I do not have a disability",,pcd301851,67,female,"$25,000 to $39,999"
2026-06-28 11:44:21,2026-06-28 12:28:24,IP Address,100,2642,True,2026-06-28 12:28:25,R_74B4LJ74LuWRwf5,anonymous,EN,0.8999999761581421,,"Yes, I consent.",F_ZkjixXemCR1NHz3,signature.png,8392,image/png,Yes,Yes,A,,,,,,,,,,A,B,B,B,B,A,A,A,B,Agree,Disagree,Strongly disagree,Strongly agree,Strongly disagree,0,"Public transportation (bus, streetcar)",,Other (please specify):,none,"Relaxing,Socializing",,Yes,,,,,,,,Very safe,,,,54,Male,,No,White,,85282,1,0,10+ years,,,Apartment,,Community member,,"Some college, but no degree","Less than $25,000","Yes, physical disability that makes it hard to walk",,pd6571399,54,male,"$10,000 to $24,999"
2026-06-28 13:09:35,2026-06-28 13:16:45,IP Address,100,430,True,2026-06-28 13:16:46,R_1VaTpqXbTaNadLQ,anonymous,EN,1,,"Yes, I consent.",F_3m9aOo9lekkTbLd,signature.png,8546,image/png,Yes,Yes,A,,,,,,,,,,B,A,A,B,B,A,A,B,A,Agree,Agree,Neutral,Agree,Agree,3-4,"Walking,Personal vehicle (car or motorcycle)",,"City or neighborhood parks,Golf courses or landscaped recreational areas",,"Exercise / Sports,Relaxing,Socializing",,Yes,,,,,,,,Very safe,,,,42,Male,,No,White,,85345,1,0,10+ years,,,Single family home,,Community member,,"Some college, but no degree","$75,000-$99,999","No, I do not have a disability",,pa523f301,43,male,"$85,000 to $114,999"
2026-06-28 13:21:43,2026-06-28 13:30:42,IP Address,100,538,True,2026-06-28 13:30:43,R_74CbNssuyzfYS66,anonymous,EN,1,,"Yes, I consent.",F_5hhIGN56w06MbLz,signature.png,5780,image/png,Yes,Yes,A,A,B,A,B,A,A,A,B,B,,,,,,,,,,,Strongly disagree,Agree,Strongly disagree,Agree,1-2,Personal vehicle (car or motorcycle),,City or neighborhood parks,,"Exercise / Sports,Relaxing,Socializing",,Yes,,,,,,,,Very safe,,,,25,Male,,No,White,,85008,2,1,5-10 years,Arizona,,Apartment,,Community member,,High school diploma or GED,"$25,000-$49,999","No, I do not have a disability","That kids should feel safe in a space ",pd7648700,26,male,"$40,000 to $59,999"
2026-06-28 13:22:42,2026-06-28 13:35:17,IP Address,100,754,True,2026-06-28 13:35:18,R_7BJzlf7iKghdGfv,anonymous,EN,1,,"Yes, I consent.",F_12tBeff26Sf1SVI,signature.png,10424,image/png,Yes,Yes,B,,,,,,,,,,B,B,A,B,B,A,A,A,B,Agree,Strongly agree,Strongly disagree,Strongly agree,Strongly agree,1-2,"Walking,Personal vehicle (car or motorcycle)",,"City or neighborhood parks,Walking/biking trails,School or campus greenspaces",,"Exercise / Sports,Relaxing",,No,Strongly agree,Strongly agree,Neutral,Strongly disagree,Strongly agree,Conserving water is important but not a top priority,,Very safe,,,,27,Female,,No,Asian,,85757,4,0,10+ years,,,Single family home,,Community member,,"Graduate or professional degree (MA, MS, MBA, PhD, JD, MD, DDS etc.)","$75,000-$99,999","No, I do not have a disability","Excellent! ",pd79f99ac,28,male,"$85,000 to $114,999"
2026-06-28 16:01:12,2026-06-28 16:09:56,IP Address,100,523,True,2026-06-28 16:09:57,R_5F9BEO00h2lvY4p,anonymous,EN,0.8999999761581421,,"Yes, I consent.",F_2eaFdLa5vhSJkBb,signature.png,4458,image/png,Yes,Yes,A,A,A,A,B,A,A,B,B,A,,,,,,,,,,,Agree,Neutral,Agree,Strongly agree,9-10,Personal vehicle (car or motorcycle),,"Desert or natural areas,Walking/biking trails,Private yards",,"Exercise / Sports,Gardening,Relaxing,Socializing",,Yes,,,,,,,,Somewhat safe,,,,55,Male,,Yes,White,,85037,3,0,10+ years,,,Single family home,,Community member,,"Some college, but no degree","$50,000-$74,999","No, I do not have a disability",,pc65cfc8d,56,male,"$40,000 to $59,999"
2026-06-28 16:18:45,2026-06-28 16:28:31,IP Address,100,586,True,2026-06-28 16:28:33,R_7s07UNyFFWeI3Io,anonymous,EN,1,,"Yes, I consent.",F_1luiz5UQwufk21v,signature.png,6239,image/png,Yes,Yes,A,,,,,,,,,,B,A,A,A,B,A,A,A,A,Agree,Agree,Neutral,Agree,Strongly agree,3-4,"Walking,Bicycling",,"City or neighborhood parks,Walking/biking trails",,Exercise / Sports,,Yes,,,,,,,,Somewhat safe,,,,63,Male,,Yes,White,,85388,2,0,10+ years,,,Single family home,,Community member,,Bachelor’s degree,"$75,000-$99,999","No, I do not have a disability",I don’t know how important the mix of plants between native and others really affects parks.,pd6e767c1,64,male,"$85,000 to $114,999"
2026-06-28 18:02:19,2026-06-28 18:03:17,IP Address,100,57,True,2026-06-28 18:03:18,R_3cSd9uXTwNgVqql,anonymous,EN,0.8999999761581421,,"Yes, I consent.",F_3OfcqwxdDLnuMNc,signature.png,6214,image/png,Yes,No,,,,,,,,,,,,,,,,,,,,,,,,,,,,,,,,,,,,,,,,,,,,,,,,,,,,,,,,,,,,,,,,pf6ef2bc2,70,female,"$25,000 to $39,999"
2026-06-28 18:28:09,2026-06-28 18:35:00,IP Address,100,411,True,2026-06-28 18:35:01,R_3fqKtWGYA4E3iO4,anonymous,EN,0.800000011920929,,"Yes, I consent.",F_1hMuzp4HN3lgaLq,signature.png,8679,image/png,Yes,Yes,B,A,A,A,B,B,A,A,B,B,,,,,,,,,,,Strongly agree,Disagree,Agree,Agree,3-4,Personal vehicle (car or motorcycle),,City or neighborhood parks,,Exercise / Sports,,Yes,,,,,,,,Very safe,,,,67,Male,,No,White,,85730,1,0,10+ years,,,Single family home,,Community member,,Bachelor’s degree,"$75,000-$99,999","No, I do not have a disability",,pc7041ed5,67,male,"$60,000 to $84,999"
2026-06-28 18:44:04,2026-06-28 18:56:37,IP Address,100,753,True,2026-06-28 18:56:38,R_5s0wHe5hHTqaBTd,anonymous,EN,1,,"Yes, I consent.",F_2UW3FvcAixP7MoK,signature.png,8375,image/png,Yes,Yes,B,,,,,,,,,,B,A,A,B,A,A,A,A,B,Agree,Agree,Neutral,Agree,Strongly agree,5-6,"Bicycling,Personal vehicle (car or motorcycle)",,"City or neighborhood parks,Desert or natural areas,Walking/biking trails,School or campus greenspaces",,"Exercise / Sports,Relaxing",,Yes,,,,,,,,Very safe,,,,21,Nonbinary / third gender,,No,White,,85641,4,1,5-10 years,Arizona,,Single family home,,Community member,,Associates or technical degree,"$75,000-$99,999","No, I do not have a disability",I have nothing else to add.,pabc5dd2a,22,female,"$60,000 to $84,999"
2026-06-28 18:40:55,2026-06-28 19:06:12,IP Address,100,1517,True,2026-06-28 19:06:14,R_5sQP60L3WPRgmvD,anonymous,EN,0.8999999761581421,,"Yes, I consent.",F_Z4avwrC6OY3gP0l,signature.png,7558,image/png,Yes,Yes,A,A,B,B,B,B,B,A,B,B,,,,,,,,,,,Neutral,Neutral,Neutral,Neutral,1-2,"Walking,Public transportation (bus, streetcar),Rideshare or taxi (e.g., Uber, Lyft)",,"City or neighborhood parks,Walking/biking trails",,"Exercise / Sports,Relaxing",,Yes,,,,,,,,Very safe,,,,52,Female,,No,White,,85705,1,0,5-10 years,Maryland,,Apartment,,Community member,,"Some college, but no degree","$25,000-$49,999","Yes, physical disability but not impacting my ability to walk",none,pa27220e4,53,female,"$25,000 to $39,999"
2026-06-28 19:16:21,2026-06-28 19:22:05,IP Address,100,343,True,2026-06-28 19:22:06,R_6LNVqDyzX8Tgpnq,anonymous,EN,1,,"Yes, I consent.",F_3eteigFNe0NxzW3,signature.png,8272,image/png,Yes,Yes,A,B,B,A,B,A,B,B,B,B,,,,,,,,,,,Agree,Agree,Neutral,Neutral,7-8,"Walking,Public transportation (bus, streetcar)",,Walking/biking trails,,"Gardening,Relaxing",,No,Agree,Strongly agree,Agree,Agree,Strongly agree,Conserving water is important but not a top priority,,Neutral,,,,36,Male,,No,Black or African American,,85202,1,0,10+ years,,,Townhome or duplex,,Community member,,"Some college, but no degree","$25,000-$49,999","No, I do not have a disability",Ni,pf2ec8bf5,37,male,"$25,000 to $39,999"
2026-06-28 19:40:06,2026-06-28 19:49:10,IP Address,100,543,True,2026-06-28 19:49:11,R_3J2ylzdV7T1gIMF,anonymous,EN,0.800000011920929,,"Yes, I consent.",F_3rJbsZ0dM9dhGKD,signature.png,9493,image/png,Yes,Yes,A,A,A,B,A,B,B,B,B,B,,,,,,,,,,,Agree,Disagree,Disagree,Agree,9-10,Personal vehicle (car or motorcycle),,"City or neighborhood parks,Desert or natural areas,School or campus greenspaces",,"Exercise / Sports,Relaxing,Other (please specify):",walking dog,No,Agree,Strongly agree,Agree,Strongly agree,Strongly agree,Conserving water is important but not a top priority,,Somewhat unsafe,,,Our public parks here in Pima County are all unsafe due to homeless drug zombies and our terrible City government.,63,Female,,Yes,White,,85710,1,0,10+ years,,,Mobile home / RV,,Community member,,Associates or technical degree,"$25,000-$49,999","No, I do not have a disability","An enjoyable survey especially as it delves into local issues thank you. ",pce21af7e,63,female,"$25,000 to $39,999"
2026-06-28 19:47:43,2026-06-28 19:52:15,IP Address,100,271,True,2026-06-28 19:52:16,R_6QM705orrkgNzAL,anonymous,EN,0.800000011920929,,"Yes, I consent.",F_1cVeawVXrwGknYZ,signature.png,8852,image/png,Yes,Yes,A,,,,,,,,,,A,A,B,A,A,A,B,A,A,Agree,Agree,Strongly agree,Strongly agree,Agree,3-4,"Walking,Personal vehicle (car or motorcycle),Rideshare or taxi (e.g., Uber, Lyft)",,"City or neighborhood parks,Walking/biking trails,Private yards,Golf courses or landscaped recreational areas",,"Exercise / Sports,Relaxing",,Yes,,,,,,,,Very safe,,,,32,Male,,No,White,,85308,5,1,10+ years,,,Single family home,,Community member,,High school diploma or GED,"$75,000-$99,999","No, I do not have a disability",Thanks,pf2788bee,32,male,"$85,000 to $114,999"
2026-06-28 19:42:14,2026-06-28 19:56:01,IP Address,100,826,True,2026-06-28 19:56:02,R_5H70P6BaLvRFKgh,anonymous,EN,0.8999999761581421,,"Yes, I consent.",F_3r1YriovYuJCeR3,signature.png,3142,image/png,Yes,Yes,A,,,,,,,,,,A,B,A,A,B,A,A,B,A,Agree,Strongly agree,Neutral,Agree,Strongly agree,0,Personal vehicle (car or motorcycle),,"City or neighborhood parks,Walking/biking trails",,Relaxing,,No,Neutral,Strongly agree,Neutral,Neutral,Agree,Conserving water is important but not a top priority,,Somewhat safe,,,,30,Female,,No,White,,85387,1,0,Less than 1 year,Washington,,Single family home,,Other:,None of these apply to me,High school diploma or GED,"$25,000-$49,999","Yes, physical disability that makes it hard to walk",No,pf281ecb8,31,female,"$25,000 to $39,999"
2026-06-28 19:55:31,2026-06-28 19:56:12,IP Address,100,40,True,2026-06-28 19:56:13,R_37dHt5EwGnbcnBv,anonymous,EN,1,,"Yes, I consent.",F_wZtrWjdsrIeugJX,signature.png,7389,image/png,Yes,No,,,,,,,,,,,,,,,,,,,,,,,,,,,,,,,,,,,,,,,,,,,,,,,,,,,,,,,,,,,,,,,,pf9fb079a,40,female,"$115,000 to $149,999"
2026-06-28 19:59:59,2026-06-28 20:01:07,IP Address,100,68,True,2026-06-28 20:01:08,R_7QTxQtP3kh44rvz,anonymous,EN,0.6000000238418579,,"Yes, I consent.",F_3kzWF7FE2ZZRxnh,signature.png,8507,image/png,Yes,No,,,,,,,,,,,,,,,,,,,,,,,,,,,,,,,,,,,,,,,,,,,,,,,,,,,,,,,,,,,,,,,,pbf9e49a1,48,female,"Less than $9,999"
2026-06-28 19:58:14,2026-06-28 20:02:05,IP Address,100,231,True,2026-06-28 20:02:06,R_63e9WNNJHiVTr4R,anonymous,EN,0.800000011920929,,"Yes, I consent.",F_1ItJGs5qvvIHd7a,signature.png,4211,image/png,Yes,Yes,A,A,A,A,A,B,A,A,A,B,,,,,,,,,,,Agree,Neutral,Agree,Agree,5-6,Bicycling,,"Desert or natural areas,Community gardens,Private yards",,"Gardening,Relaxing",,Yes,,,,,,,,Somewhat safe,,,,26,Female,,No,White,,85053,3,1,10+ years,,,Single family home,,Community member,,High school diploma or GED,"$75,000-$99,999","Yes, physical disability that makes it hard to walk",,pd70a5161,26,female,"$60,000 to $84,999"
2026-06-28 19:46:44,2026-06-28 20:05:31,IP Address,100,1126,True,2026-06-28 20:05:32,R_1EYBro1NDIIDkZQ,anonymous,EN,0.8999999761581421,,"Yes, I consent.",F_vV5roNwZR7vmfdf,signature.png,8435,image/png,Yes,Yes,A,B,A,B,B,B,A,A,A,B,,,,,,,,,,,Strongly agree,Agree,Agree,Agree,7-8,"Walking,Bicycling",,"City or neighborhood parks,Desert or natural areas,Walking/biking trails,Golf courses or landscaped recreational areas",,"Exercise / Sports,Relaxing,Socializing",,Yes,,,,,,,,Somewhat safe,,,,46,Male,,No,White,,85747,4,2,10+ years,,,Single family home,,Community member,,"Some college, but no degree","$50,000-$74,999","No, I do not have a disability",Very good survey,pcdedd528,47,male,"$60,000 to $84,999"
2026-06-28 20:00:43,2026-06-28 20:08:04,IP Address,100,441,True,2026-06-28 20:08:05,R_6pmPkroyQQ3Dsfh,anonymous,EN,1,,"Yes, I consent.",F_3fODnMc7aRkR5Jk,signature.png,8515,image/png,Yes,No,,,,,,,,,,,,,,,,,,,,,,,,,,,,,,,,,,,,,,,,,,,,,,,,,,,,,,,,,,,,,,,,pc6635e6d,60,male,"$10,000 to $24,999"
2026-06-28 19:57:16,2026-06-28 20:11:05,IP Address,100,829,True,2026-06-28 20:11:06,R_3oWOvfusRz7lzeY,anonymous,EN,1,,"Yes, I consent.",F_2TpYSFziuqBOXRH,signature.png,6691,image/png,Yes,Yes,A,A,B,A,B,B,B,A,B,B,,,,,,,,,,,Neutral,Agree,Agree,Strongly agree,7-8,"Walking,Bicycling,Personal vehicle (car or motorcycle)",,"City or neighborhood parks,Walking/biking trails,Community gardens,School or campus greenspaces,Golf courses or landscaped recreational areas",,"Exercise / Sports,Relaxing,Socializing",,Yes,,,,,,,,Neutral,,,,25,Female,,No,Asian,,85142,4,1,10+ years,,,Single family home,,"Part of a community organization,Designer of greenspaces",,Bachelor’s degree,"$100,000-$149,999","Yes, physical disability but not impacting my ability to walk,Yes, cognitive disability","No but this is an actually a really good question and I enjoyed it alot. ",pa996c21d,44,female,"$115,000 to $149,999"
2026-06-28 19:58:41,2026-06-28 20:18:19,IP Address,100,1177,True,2026-06-28 20:18:20,R_5RmDOFE36fRNq7B,anonymous,EN,1,,"Yes, I consent.",F_cFHlMedSJMsod0t,signature.png,7492,image/png,Yes,Yes,A,,,,,,,,,,B,A,A,A,B,A,A,B,B,Agree,Agree,Disagree,Agree,Agree,1-2,Walking,,Walking/biking trails,,"Exercise / Sports,Relaxing",,No,Agree,Strongly agree,Neutral,Agree,Disagree,Conserving water is important but not a top priority,,Very safe,,,,55,Male,,No,American Indian or Alaska Native,,85027,3,0,5-10 years,South Dakota,,Apartment,,Community member,,"Some college, but no degree","$25,000-$49,999","No, I do not have a disability",Good luck.,pc2db7edb,56,male,"$40,000 to $59,999"
2026-06-28 21:00:49,2026-06-28 21:13:59,IP Address,100,789,True,2026-06-28 21:14:00,R_6N4ZKXOoBBYzzuM,anonymous,EN,0.8999999761581421,,"Yes, I consent.",F_1gnzEudkFTt54Ad,signature.png,8891,image/png,Yes,Yes,A,,,,,,,,,,B,B,A,A,B,A,A,B,B,Agree,Agree,Neutral,Neutral,Agree,3-4,"Walking,Bicycling",,"Desert or natural areas,Walking/biking trails",,"Exercise / Sports,Relaxing",,No,Agree,Strongly agree,Strongly agree,Strongly agree,Strongly agree,Water conservation is not a major concern for me,,Neutral,,,,44,Male,,No,White,,85648,2,0,3-5 years,Illinois,,Townhome or duplex,,Community member,,"Some college, but no degree","$75,000-$99,999","No, I do not have a disability",n/a,pf0af2d58,45,male,"$85,000 to $114,999"
2026-06-28 21:33:39,2026-06-28 21:51:28,IP Address,100,1069,True,2026-06-28 21:51:30,R_1ypyvFyeau0Jvi8,anonymous,EN,1,,"Yes, I consent.",F_2Y65vUTYR4kVF6p,signature.png,6684,image/png,Yes,Yes,A,,,,,,,,,,B,A,A,B,A,A,A,B,A,Agree,Agree,Disagree,Neutral,Agree,1-2,Walking,,"City or neighborhood parks,Private yards",,Other (please specify):,Take the kids,Yes,,,,,,,,Very safe,,,,24,Nonbinary / third gender,,No,White,,85730,3,1,10+ years,,,Apartment,,Prefer not to say,,High school diploma or GED,"Less than $25,000","No, I do not have a disability",,pad005ff6,25,female,"$10,000 to $24,999"
2026-06-28 21:35:49,2026-06-28 22:00:51,IP Address,100,1501,True,2026-06-28 22:00:52,R_5rBKUPEELmteS2V,anonymous,EN,0.800000011920929,,"Yes, I consent.",F_4ZbfUGDGBNfcWZP,signature.png,9585,image/png,Yes,Yes,A,A,B,A,B,A,B,A,A,B,,,,,,,,,,,Agree,Disagree,Strongly agree,Agree,0,Personal vehicle (car or motorcycle),,Other (please specify):,"None ","Relaxing,Socializing",,Yes,,,,,,,,Very safe,,,,46,Female,,No,Black or African American,,85020,2,0,5-10 years,Michigan,,Townhome or duplex,,Community member,,High school diploma or GED,"Less than $25,000","No, I do not have a disability",,pa52db88a,46,female,"Less than $9,999"
2026-06-28 22:46:53,2026-06-28 22:57:53,IP Address,100,660,True,2026-06-28 22:57:54,R_6nrBH5Bo3ulFGVj,anonymous,EN,1,,"Yes, I consent.",F_2CPayqkmPMNP8yv,signature.png,5857,image/png,Yes,Yes,A,,,,,,,,,,B,A,A,A,B,A,A,B,B,Agree,Strongly agree,Strongly disagree,Strongly agree,Strongly agree,3-4,"Bicycling,Personal vehicle (car or motorcycle)",,"Desert or natural areas,Community gardens",,"Relaxing,Socializing",,Yes,,,,,,,,Very safe,,,,27,Male,,No,White,,85757,4,0,10+ years,,,Single family home,,Community member,,High school diploma or GED,"$75,000-$99,999","No, I do not have a disability",No,pcd29f729,27,male,"$60,000 to $84,999"
2026-06-29 13:57:34,2026-06-29 13:58:58,IP Address,100,84,True,2026-06-29 13:59:00,R_1szuTojB3ZVzWPE,anonymous,EN,0.8999999761581421,,"Yes, I consent.",F_2Ppr9WFj5v228rh,signature.png,6723,image/png,Yes,No,,,,,,,,,,,,,,,,,,,,,,,,,,,,,,,,,,,,,,,,,,,,,,,,,,,,,,,,,,,,,,,,pf1927a16,42,female,"$25,000 to $39,999"
2026-06-29 23:29:23,2026-06-29 23:56:22,IP Address,100,1618,True,2026-06-29 23:56:24,R_1Qpr5NL2tuslOSt,anonymous,EN,1,,"Yes, I consent.",F_2atqL5YlLl6tEUx,signature.png,6931,image/png,Yes,Yes,B,B,A,A,B,B,B,A,B,B,,,,,,,,,,,Strongly agree,Neutral,Strongly agree,Strongly agree,0,Bicycling,,Other (please specify):,None of the above,Other (please specify):,None of the above,Yes,,,,,,,,Very safe,,,,58,Female,,No,White,,85037,2,0,10+ years,,,Single family home,,Community member,,"Some college, but no degree","Less than $25,000","No, I do not have a disability","I found your survey to be well authored and unbiased in content. 
Thank you for the opportunity 
Good luck with your study.",paa1e225b,58,female,"$10,000 to $24,999"
2026-06-30 00:08:21,2026-06-30 00:16:33,IP Address,100,492,True,2026-06-30 00:16:34,R_1CxbLLKehqyNAha,anonymous,EN,1,,"Yes, I consent.",F_2YSBuSKpBM4x9cz,signature.png,7823,image/png,Yes,Yes,A,A,A,A,B,A,A,A,B,B,,,,,,,,,,,Agree,Strongly agree,Agree,Agree,1-2,"Walking,Personal vehicle (car or motorcycle)",,"City or neighborhood parks,Walking/biking trails,Community gardens,Private yards",,"Relaxing,Socializing",,Yes,,,,,,,,Somewhat safe,,,,45,Female,,No,Black or African American,,85138,4,0,10+ years,,,Single family home,,Community member,,Bachelor’s degree,"$50,000-$74,999","No, I do not have a disability",,pbd72518e,45,female,"$40,000 to $59,999"
2026-06-30 00:19:42,2026-06-30 00:28:14,IP Address,100,512,True,2026-06-30 00:28:15,R_7nrr2mgC3oSB6i5,anonymous,EN,0.30000001192092896,,"Yes, I consent.",F_ylGrsX96uoUWaSB,signature.png,7745,image/png,Yes,Yes,A,,,,,,,,,,A,A,A,A,A,A,A,A,A,Agree,Agree,Neutral,Agree,Agree,3-4,"Walking,Personal vehicle (car or motorcycle)",,"City or neighborhood parks,Desert or natural areas,Walking/biking trails",,"Exercise / Sports,Gardening,Relaxing,Socializing",,Yes,,,,,,,,Very safe,,,,46,Male,,No,White,,85014,3,1,10+ years,,,Single family home,,Community member,,"Graduate or professional degree (MA, MS, MBA, PhD, JD, MD, DDS etc.)","$100,000-$149,999","No, I do not have a disability","Great survey, thank you fo gathering valuable community feedback  perspectives today.",pffba40b0,46,male,"$115,000 to $149,999"
2026-06-30 00:30:12,2026-06-30 00:31:11,IP Address,100,59,True,2026-06-30 00:31:12,R_6uk620qaqWRbLUd,anonymous,EN,0.800000011920929,,"No, I do not consent to take part in this study.",,,,,,,,,,,,,,,,,,,,,,,,,,,,,,,,,,,,,,,,,,,,,,,,,,,,,,,,,,,,,,,,,,,,,,pdbe3b1f5,24,male,"$40,000 to $59,999"
2026-06-30 00:31:14,2026-06-30 00:38:38,IP Address,100,443,True,2026-06-30 00:38:39,R_1ZNqtEJcsm4J983,anonymous,EN,0.8999999761581421,,"Yes, I consent.",F_WoBk6vJ9ca7sa6B,signature.png,8065,image/png,Yes,Yes,A,A,B,A,B,B,B,A,A,B,,,,,,,,,,,Agree,Disagree,Agree,Agree,3-4,"Walking,Bicycling,Personal vehicle (car or motorcycle)",,"City or neighborhood parks,Walking/biking trails,Golf courses or landscaped recreational areas",,"Gardening,Relaxing,Socializing",,Yes,,,,,,,,Somewhat safe,,,,43,Female,,Yes,American Indian or Alaska Native,,85635,4,2,10+ years,,,Single family home,,Prefer not to say,,"Some college, but no degree","$25,000-$49,999","No, I do not have a disability","Enjoying ",pb620fdf4,43,female,"$40,000 to $59,999"
2026-06-30 00:31:16,2026-06-30 00:40:59,IP Address,100,582,True,2026-06-30 00:41:00,R_1GQuMyRGZ6teOIG,anonymous,EN,1,,"Yes, I consent.",F_2SkpCx48I4XtSTw,signature.png,7346,image/png,Yes,Yes,A,,,,,,,,,,A,B,A,B,B,A,B,B,A,Agree,Agree,Agree,Strongly agree,Strongly agree,3-4,"Walking,Personal vehicle (car or motorcycle)",,"Desert or natural areas,Community gardens,Private yards,School or campus greenspaces",,"Exercise / Sports,Relaxing",,Yes,,,,,,,,Neutral,,,,22,Female,,Yes,White,,85131,5,1,10+ years,,,Single family home,,Community member,,"Some college, but no degree","$75,000-$99,999","No, I do not have a disability",N/A,pf19f8624,23,female,"$60,000 to $84,999"
2026-06-30 00:37:22,2026-06-30 00:42:49,IP Address,100,326,True,2026-06-30 00:42:50,R_7paLt2D2m7Xa1wN,anonymous,EN,1,,"Yes, I consent.",F_2UWyMkcTwYYdWNh,signature.png,7689,image/png,Yes,Yes,B,,,,,,,,,,A,A,B,A,B,A,B,A,B,Agree,Agree,Agree,Strongly agree,Agree,7-8,Personal vehicle (car or motorcycle),,"Walking/biking trails,Golf courses or landscaped recreational areas",,"Exercise / Sports,Socializing",,Yes,,,,,,,,Very safe,,,,18,Male,,Yes,American Indian or Alaska Native,,85742,4,0,10+ years,,,Single family home,,Community member,,High school diploma or GED,"$75,000-$99,999","No, I do not have a disability","I love this survey ",pca7dbc2a,26,male,"$115,000 to $149,999"
2026-06-30 00:37:47,2026-06-30 00:45:53,IP Address,100,485,True,2026-06-30 00:45:54,R_6fr9botRVoC3TK6,anonymous,EN,1,,"Yes, I consent.",F_2SkvsXgJbIAzC1L,signature.png,7914,image/png,Yes,Yes,B,B,B,A,B,B,B,A,A,B,,,,,,,,,,,Agree,Disagree,Agree,Agree,3-4,Personal vehicle (car or motorcycle),,City or neighborhood parks,,"Exercise / Sports,Relaxing",,Yes,,,,,,,,Very safe,,,,35,Female,,No,White,,85747,4,3,10+ years,,,Apartment,,Community member,,"Some college, but no degree","Less than $25,000","Yes, physical disability that makes it hard to walk",Not at this time,pb191ef6b,36,female,"$10,000 to $24,999"
2026-06-30 00:50:15,2026-06-30 00:50:45,IP Address,100,29,True,2026-06-30 00:50:45,R_6EYuchzU9BzIYiF,anonymous,EN,1,,"No, I do not consent to take part in this study.",,,,,,,,,,,,,,,,,,,,,,,,,,,,,,,,,,,,,,,,,,,,,,,,,,,,,,,,,,,,,,,,,,,,,,pbb103040,18,female,"$115,000 to $149,999"
2026-06-30 00:46:50,2026-06-30 00:53:55,IP Address,100,424,True,2026-06-30 00:53:56,R_7R2PvvtWXItrjst,anonymous,EN,1,,"Yes, I consent.",F_uxdHU6RBnaEInp7,signature.png,6783,image/png,Yes,Yes,A,,,,,,,,,,B,A,A,A,B,A,A,B,A,Agree,Agree,Neutral,Agree,Strongly agree,1-2,"Walking,Bicycling,Personal vehicle (car or motorcycle)",,"City or neighborhood parks,Desert or natural areas,Walking/biking trails,School or campus greenspaces",,"Exercise / Sports,Relaxing",,Yes,,,,,,,,Neutral,,,,18,Female,,No,White,,85629,4,2,5-10 years,Washington,,Single family home,,Community member,,Some high school or less,"Less than $25,000","No, I do not have a disability",no i do not,pfccfc71a,18,female,"$10,000 to $24,999"
2026-06-30 00:50:04,2026-06-30 00:54:33,IP Address,100,269,True,2026-06-30 00:54:34,R_5Hsyhc2wAWmDpKx,anonymous,EN,1,,"Yes, I consent.",F_Zt3rAJpgf6k726d,signature.png,7470,image/png,Yes,Yes,B,A,B,A,B,A,B,A,B,A,,,,,,,,,,,Strongly agree,Neutral,Strongly disagree,Disagree,1-2,"Bicycling,Personal vehicle (car or motorcycle),Public transportation (bus, streetcar),Rideshare or taxi (e.g., Uber, Lyft)",,"Desert or natural areas,Walking/biking trails,Community gardens,Private yards,School or campus greenspaces,Golf courses or landscaped recreational areas",,"Exercise / Sports,Gardening",,Yes,,,,,,,,Very safe,,,,31,Male,,Yes,White,,85041,1,0,10+ years,,,Single family home,,Prefer not to say,,"Some college, but no degree","Less than $25,000","No, I do not have a disability",None,pc7644b1c,30,male,"Less than $9,999"
2026-06-30 00:54:42,2026-06-30 01:03:59,IP Address,100,556,True,2026-06-30 01:04:00,R_1U5voRn8hlHl9tr,anonymous,EN,1,,"Yes, I consent.",F_2VE0blZk4T8g9bV,signature.png,4947,image/png,Yes,Yes,A,A,B,B,A,B,B,A,B,A,,,,,,,,,,,Neutral,Agree,Disagree,Agree,3-4,Personal vehicle (car or motorcycle),,"City or neighborhood parks,Desert or natural areas",,"Gardening,Relaxing,Socializing",,Yes,,,,,,,,Neutral,,,,18,Female,,Yes,Other,Hispanic,85746,4,1,5-10 years,Arizona,,Single family home,,Designer of greenspaces,,"Some college, but no degree","$50,000-$74,999","No, I do not have a disability",No,pbbc18f4d,19,female,"$60,000 to $84,999"
2026-06-30 00:55:26,2026-06-30 01:04:17,IP Address,100,530,True,2026-06-30 01:04:17,R_3gTMs5lRBVsWZUr,anonymous,EN,1,,"Yes, I consent.",F_1pRNymmDgFdfTLF,signature.png,5476,image/png,Yes,Yes,A,,,,,,,,,,B,B,A,A,B,A,A,B,B,Agree,Agree,Strongly agree,Agree,Agree,5-6,"Walking,Public transportation (bus, streetcar),Rideshare or taxi (e.g., Uber, Lyft)",,"Desert or natural areas,Walking/biking trails,School or campus greenspaces",,"Relaxing,Socializing",,Yes,,,,,,,,Somewhat safe,,,,20,Female,,Yes,White,,95719,4,0,10+ years,,,Apartment,,Other:,Student,"Some college, but no degree","$25,000-$49,999","No, I do not have a disability",N/A,pcd9915d8,20,female,"$60,000 to $84,999"
2026-06-30 00:56:35,2026-06-30 01:05:22,IP Address,100,526,True,2026-06-30 01:05:23,R_6qdp3lwztLfAtsP,anonymous,EN,0.8999999761581421,,"Yes, I consent.",F_2EFQv3MUtDhdK0k,signature.png,5368,image/png,Yes,No,,,,,,,,,,,,,,,,,,,,,,,,,,,,,,,,,,,,,,,,,,,,,,,,,,,,,,,,,,,,,,,,pcac2ab75,63,male,"$40,000 to $59,999"
2026-06-30 13:48:16,2026-06-30 13:58:21,IP Address,100,605,True,2026-06-30 13:58:22,R_5TF8HbVKQOUAnOY,anonymous,EN,1,,"Yes, I consent.",F_20YXuWNDzRJpulH,signature.png,7588,image/png,Yes,Yes,A,A,B,A,A,B,A,A,B,B,,,,,,,,,,,Strongly agree,Neutral,Disagree,Agree,0,Bicycling,,Other (please specify):,I live in Sierra Vista,Socializing,,Yes,,,,,,,,Very safe,,,,69,Male,,No,White,,85650,1,0,5-10 years,Illinois,,Single family home,,Community member,,"Graduate or professional degree (MA, MS, MBA, PhD, JD, MD, DDS etc.)","$50,000-$74,999","No, I do not have a disability","Crime in Tucson, including the parks, is out of control.  Patrols are more valuable there than in other Southern Arizona communities.",pf1b5d3d2,69,male,"$60,000 to $84,999"
2026-06-30 14:07:51,2026-06-30 14:12:42,IP Address,100,290,True,2026-06-30 14:12:43,R_6ahmBT4rvgxh6Kr,anonymous,EN,1,,"Yes, I consent.",F_2QKAjHKEmbxmmvf,signature.png,5647,image/png,Yes,Yes,A,,,,,,,,,,B,A,A,A,B,A,B,B,A,Agree,Strongly agree,Agree,Strongly agree,Strongly agree,5-6,"Walking,Personal vehicle (car or motorcycle)",,"City or neighborhood parks,Private yards,Golf courses or landscaped recreational areas",,"Exercise / Sports,Relaxing,Socializing",,Yes,,,,,,,,Very safe,,,,27,Male,,No,White,,85392,1,0,10+ years,,,Single family home,,Community member,,Bachelor’s degree,"$100,000-$149,999","No, I do not have a disability",,pb732e7dc,28,male,"$115,000 to $149,999"
2026-06-30 14:10:18,2026-06-30 14:32:56,IP Address,100,1357,True,2026-06-30 14:32:57,R_7I0RUIPVYRGFDC6,anonymous,EN,1,,"Yes, I consent.",F_3QRDuWzIocJlZdH,signature.png,3530,image/png,Yes,Yes,B,,,,,,,,,,A,A,B,B,A,A,A,B,B,Agree,Neutral,Disagree,Neutral,Agree,5-6,"Walking,Personal vehicle (car or motorcycle)",,"City or neighborhood parks,Desert or natural areas,Private yards",,"Gardening,Relaxing,Socializing",,Yes,,,,,,,,Somewhat safe,,,,58,Female,,No,White,,85747,3,0,10+ years,,,Single family home,,Prefer not to say,,Associates or technical degree,"$100,000-$149,999","No, I do not have a disability",,pdf3a3785,58,female,"$115,000 to $149,999"
2026-06-30 15:31:41,2026-06-30 15:48:10,IP Address,100,989,True,2026-06-30 15:48:11,R_1KqGbcMa5dLxuCB,anonymous,EN,0.800000011920929,,"Yes, I consent.",F_1PZaLjNYJgjQtPd,signature.png,7865,image/png,Yes,Yes,A,A,B,A,B,B,B,A,B,B,,,,,,,,,,,Agree,Disagree,Neutral,Neutral,3-4,"Walking,Other (please specify)",Scooter 🛵,"Desert or natural areas,Private yards,School or campus greenspaces,Other (please specify):",Right now it's too hot!! Just my yard,Relaxing,,No,Agree,Strongly agree,Agree,Agree,Agree,Conserving water should be a high personal priority,,Somewhat unsafe,,,"There has been so much crime, and people getting hurt from those living on the streets and in parks. Our parks need to be taken care of before we add more ",61,Female,,Yes,White,,85719,2,0,10+ years,,,Townhome or duplex,,Community member,,High school diploma or GED,"$25,000-$49,999","Yes, physical disability but not impacting my ability to walk","We need more protection in the streets, parks etc right now before we add more parks",pa297363f,61,female,"$25,000 to $39,999"
2026-06-25 13:18:04,2026-06-25 13:18:21,IP Address,2,17,False,2026-07-02 13:18:23,R_3fNJjQ8F0Nb1CWw,anonymous,EN,1,true,,,,,,,,,,,,,,,,,,,,,,,,,,,,,,,,,,,,,,,,,,,,,,,,,,,,,,,,,,,,,,,,,,,,,,,pcbe4ca64,,,
2026-06-25 15:24:15,2026-06-25 15:25:01,IP Address,9,45,False,2026-07-02 15:27:18,R_3BVsloYWUgY2gys,anonymous,EN,1,,"Yes, I consent.",,,,,,,,,,,,,,,,,,,,,,,,,,,,,,,,,,,,,,,,,,,,,,,,,,,,,,,,,,,,,,,,,,,,,,paa84d204,69,female,"$25,000 to $39,999"
2026-06-25 23:20:58,2026-06-25 23:21:33,IP Address,9,35,False,2026-07-02 23:21:39,R_5VfQxRvzE0CMeSw,anonymous,EN,1,,"Yes, I consent.",,,,,,,,,,,,,,,,,,,,,,,,,,,,,,,,,,,,,,,,,,,,,,,,,,,,,,,,,,,,,,,,,,,,,,pd178edc6,19,female,"$60,000 to $84,999"
2026-06-26 01:24:17,2026-06-26 01:25:35,IP Address,5,77,False,2026-07-03 01:25:36,R_3NgYfyA8HmPFnm3,anonymous,EN,1,,,,,,,,,,,,,,,,,,,,,,,,,,,,,,,,,,,,,,,,,,,,,,,,,,,,,,,,,,,,,,,,,,,,,,,,pb450ebd0,65,female,"$40,000 to $59,999"
2026-06-26 09:56:35,2026-06-26 09:57:39,IP Address,9,63,False,2026-07-03 09:57:42,R_62Gp7RwjbL20oEb,anonymous,EN,0.800000011920929,,"Yes, I consent.",,,,,,,,,,,,,,,,,,,,,,,,,,,,,,,,,,,,,,,,,,,,,,,,,,,,,,,,,,,,,,,,,,,,,,pf6d3d4e9,67,female,"$115,000 to $149,999"
2026-06-26 13:21:32,2026-06-26 13:28:51,IP Address,9,439,False,2026-07-03 13:28:59,R_1Qiw3VZ75coTgWt,anonymous,EN,0.8999999761581421,,"Yes, I consent.",,,,,,,,,,,,,,,,,,,,,,,,,,,,,,,,,,,,,,,,,,,,,,,,,,,,,,,,,,,,,,,,,,,,,,pc8ff0920,64,female,"$10,000 to $24,999"
2026-06-27 23:38:41,2026-06-27 23:43:33,IP Address,9,291,False,2026-07-04 23:43:34,R_6N31FxmewBCSncZ,anonymous,EN,1,,"Yes, I consent.",,,,,,,,,,,,,,,,,,,,,,,,,,,,,,,,,,,,,,,,,,,,,,,,,,,,,,,,,,,,,,,,,,,,,,pd08dc636,61,female,"$40,000 to $59,999"
2026-06-27 23:47:02,2026-06-27 23:53:47,IP Address,6,405,False,2026-07-04 23:53:48,R_6nlAvxRhmnBRNGZ,anonymous,EN,0.6000000238418579,,,,,,,,,,,,,,,,,,,,,,,,,,,,,,,,,,,,,,,,,,,,,,,,,,,,,,,,,,,,,,,,,,,,,,,,pdaca45f5,77,female,"$10,000 to $24,999"
2026-06-28 11:06:32,2026-06-28 11:07:01,IP Address,5,29,False,2026-07-05 11:07:04,R_5luBBAAKTRQT0Hl,anonymous,EN,0.6000000238418579,,,,,,,,,,,,,,,,,,,,,,,,,,,,,,,,,,,,,,,,,,,,,,,,,,,,,,,,,,,,,,,,,,,,,,,,pa2bb5375,33,female,"$25,000 to $39,999"
2026-06-28 11:21:37,2026-06-28 11:22:18,IP Address,9,40,False,2026-07-05 11:22:21,R_7rYi2u3UnykjtC4,anonymous,EN,0.800000011920929,,"Yes, I consent.",,,,,,,,,,,,,,,,,,,,,,,,,,,,,,,,,,,,,,,,,,,,,,,,,,,,,,,,,,,,,,,,,,,,,,pdd71a8a7,56,female,"$25,000 to $39,999"
2026-06-28 11:39:48,2026-06-28 11:40:40,IP Address,9,51,False,2026-07-05 11:40:41,R_1doIdmqbFP7rya1,anonymous,EN,0.8999999761581421,,"Yes, I consent.",,,,,,,,,,,,,,,,,,,,,,,,,,,,,,,,,,,,,,,,,,,,,,,,,,,,,,,,,,,,,,,,,,,,,,paea99998,70,female,"$60,000 to $84,999"
2026-06-28 13:07:49,2026-06-28 13:08:14,IP Address,2,25,False,2026-07-05 13:08:15,R_1TXHrGUbfxHlAzL,anonymous,EN,1,,,,,,,,,,,,,,,,,,,,,,,,,,,,,,,,,,,,,,,,,,,,,,,,,,,,,,,,,,,,,,,,,,,,,,,,pc22c8315,77,male,"$60,000 to $84,999"
2026-06-28 13:08:43,2026-06-28 13:10:18,IP Address,9,95,False,2026-07-05 13:10:19,R_170ZJCKYEiVelGO,anonymous,EN,1,,"Yes, I consent.",,,,,,,,,,,,,,,,,,,,,,,,,,,,,,,,,,,,,,,,,,,,,,,,,,,,,,,,,,,,,,,,,,,,,,pae357a48,70,female,"$40,000 to $59,999"
2026-06-28 13:25:20,2026-06-28 13:30:19,IP Address,23,298,False,2026-07-05 13:30:26,R_7P6qmLPOGfHQUG8,anonymous,EN,0.800000011920929,,"Yes, I consent.",F_3mmmQYantLQN7lH,signature.png,9238,image/png,Yes,Yes,,,,,,,,,,,,,,,,,,,,,,,,,,,,,,,,,,,,,,,,,,,,,,,,,,,,,,,,,,,,,,,,pc9214a93,69,male,"$10,000 to $24,999"
2026-06-28 16:35:52,2026-06-28 16:36:29,IP Address,9,37,False,2026-07-05 16:36:30,R_68CmmcO02Y2IjUE,anonymous,EN,1,,"Yes, I consent.",,,,,,,,,,,,,,,,,,,,,,,,,,,,,,,,,,,,,,,,,,,,,,,,,,,,,,,,,,,,,,,,,,,,,,pa01ecefe,32,female,"$150,000 to $199,999"
2026-06-28 18:26:51,2026-06-28 18:37:23,IP Address,97,632,False,2026-07-05 18:37:28,R_1TMOwXe6bzaB4OH,anonymous,EN,1,,"Yes, I consent.",F_3n6qcHr2C6WLauS,signature.png,6215,image/png,Yes,Yes,A,,,,,,,,,,B,A,A,A,B,A,B,B,B,Agree,Agree,Neutral,Agree,Agree,0,Walking,,Private yards,,Relaxing,,Yes,,,,,,,,Somewhat safe,,,,65,Female,,No,White,,85603,2,0,5-10 years,West Virginia,,Mobile home / RV,,Prefer not to say,,High school diploma or GED,"$25,000-$49,999",,,pfb926d09,66,female,"$25,000 to $39,999"
2026-06-30 00:33:47,2026-06-30 00:40:43,IP Address,5,416,False,2026-07-07 00:40:45,R_7PRxW7S0mDW0Dog,anonymous,EN,0.800000011920929,,,,,,,,,,,,,,,,,,,,,,,,,,,,,,,,,,,,,,,,,,,,,,,,,,,,,,,,,,,,,,,,,,,,,,,,pbcb965be,38,female,"Less than $9,999"
2026-06-30 11:46:04,2026-06-30 11:49:57,IP Address,5,232,False,2026-07-07 11:50:04,R_55X95Bnn96czaiA,anonymous,EN,0.800000011920929,,,,,,,,,,,,,,,,,,,,,,,,,,,,,,,,,,,,,,,,,,,,,,,,,,,,,,,,,,,,,,,,,,,,,,,,pbd2d3723,70,male,"$10,000 to $24,999"
2026-06-30 14:18:20,2026-06-30 14:20:02,IP Address,2,101,False,2026-07-07 14:20:09,R_7J7LYIzImOpsZJQ,anonymous,EN,1,,,,,,,,,,,,,,,,,,,,,,,,,,,,,,,,,,,,,,,,,,,,,,,,,,,,,,,,,,,,,,,,,,,,,,,,paa954b61,42,male,"$25,000 to $39,999"
